job	seqlen	epochs	lrate	times	f_in	f_out	embsize	n_heads	n_enc	n_dec	network	complete	distinct
1192	4	14	0.0001975	"(""18:47:56"", ""21:35:10"")"	t-in_voc	t-out	512	8	3	3	transformer	0.7182055104758219	[0.9414924489865595, 0.9471941185173383, 0.9466023284662395, 0.7736744471884283]
1344	4	14	7.92e-06	"(""17:23:41"", ""20:10:02"")"	t-in_voc	t-out	512	8	3	3	transformer	0.3821029031854238	[0.7952975452093457, 0.7879684530380453, 0.7822326417735492, 0.6781686374034074]
1345	4	14	9.73e-06	"(""17:23:42"", ""20:09:12"")"	t-in_voc	t-out	512	8	3	3	transformer	0.4300720390581434	[0.8177628059952884, 0.8167271734058655, 0.8133471417678589, 0.696195472806109]
1346	4	14	1.21e-05	"(""17:23:47"", ""20:12:51"")"	t-in_voc	t-out	512	8	3	3	transformer	0.4805562826480329	[0.842834219121647, 0.8435284343738975, 0.8417872059543183, 0.7122079459194938]
1347	4	14	1.6e-05	"(""17:30:19"", ""20:16:39"")"	t-in_voc	t-out	512	8	3	3	transformer	0.5395418179335146	[0.871069432905803, 0.8718091704696764, 0.8700338003163801, 0.7290398206420922]
1348	4	14	2.3100000000000002e-05	"(""17:30:22"", ""20:18:34"")"	t-in_voc	t-out	512	8	3	3	transformer	0.6029088757127087	[0.8972675232448304, 0.9003744210130991, 0.898314536412159, 0.7463610602146377]
1349	4	14	3.52e-05	"(""17:30:23"", ""20:16:53"")"	t-in_voc	t-out	512	8	3	3	transformer	0.6577063583288759	[0.9190727105122398, 0.9239208367000876, 0.9212805426259545, 0.7590617851574503]
1350	4	14	6.24e-05	"(""17:33:49"", ""20:22:34"")"	t-in_voc	t-out	512	8	3	3	transformer	0.6978456566024422	[0.9336626113874062, 0.9403202494622677, 0.9392959974507505, 0.7689287462017321]
1351	4	14	0.000103	"(""17:33:51"", ""20:20:41"")"	t-in_voc	t-out	512	8	3	3	transformer	0.7132321979310109	[0.9390001024252012, 0.9457715462791201, 0.9450204281373408, 0.7731281794489524]
1352	4	14	0.00018999999999999998	"(""17:33:52"", ""20:20:55"")"	t-in_voc	t-out	512	8	3	3	transformer	0.7163618568550911	[0.940889278357555, 0.9467388954011084, 0.9464202392197476, 0.7728095232675916]
1377	4	14	0.000215	"(""20:31:12"", ""23:17:55"")"	t-in_voc	t-out	512	8	3	3	transformer	0.7200377835186471	[0.9415721130318998, 0.9480362812823635, 0.94783143088006, 0.775210825205704]
1378	4	14	0.000226	"(""20:31:13"", ""23:21:15"")"	t-in_voc	t-out	512	8	3	3	transformer	0.7175454369572887	[0.9413217403179733, 0.9476151998998509, 0.946534044998805, 0.7736175442988995]
1379	4	14	0.00023799999999999998	"(""20:31:12"", ""23:18:24"")"	t-in_voc	t-out	512	8	3	3	transformer	0.7174202506003254	[0.9415948741877113, 0.9470234098487521, 0.9463291945965016, 0.7741410508825638]
1380	4	14	0.000251	"(""20:31:15"", ""23:20:32"")"	t-in_voc	t-out	512	8	3	3	transformer	0.7121624236078709	[0.9396601759437344, 0.9436889005223685, 0.9441782653723156, 0.7705106465306308]
1381	4	14	0.000265	"(""20:31:16"", ""23:18:10"")"	t-in_voc	t-out	512	8	3	3	transformer	0.7127997359705925	[0.9396260342100172, 0.9448383388908489, 0.9446790108001685, 0.7715918014316767]
1382	4	14	0.000281	"(""20:31:15"", ""23:19:28"")"	t-in_voc	t-out	512	8	3	3	transformer	0.7122420876532111	[0.9390797664705414, 0.9450659504489638, 0.9444172575083363, 0.7712731452503158]
1383	4	14	0.000299	"(""20:31:17"", ""23:17:49"")"	t-in_voc	t-out	512	8	3	3	transformer	0.7122307070753053	[0.9394667061193367, 0.9449407640920006, 0.9449976669815293, 0.7714210927630905]
1389	4	10	0.000205	"(""10:46:11"", ""13:21:28"")"	t-in_voc	t-out	512	8	3	3	transformer	0.7021361344729086	[0.9353241757616452, 0.9417314411225802, 0.9403430106180792, 0.7686897540657115]
1390	4	11	0.000205	"(""10:46:15"", ""13:23:48"")"	t-in_voc	t-out	512	8	3	3	transformer	0.7094310849104918	[0.9383855512182908, 0.9434499083863479, 0.9435181918537824, 0.7711138171596353]
1391	4	12	0.000205	"(""10:46:16"", ""13:29:06"")"	t-in_voc	t-out	512	8	3	3	transformer	0.7092489956639998	[0.9377482388555691, 0.9437230422560857, 0.9431540133607985, 0.7688604627342976]
1392	4	14	0.000205	"(""10:46:16"", ""13:34:02"")"	t-in_voc	t-out	512	8	3	3	transformer	0.7192866653768678	[0.9420614778818468, 0.9487646382683312, 0.9476265804777566, 0.7747214603557568]
1393	4	15	0.000205	"(""10:46:19"", ""13:37:59"")"	t-in_voc	t-out	512	8	3	3	transformer	0.7214717363347711	[0.9427215514003802, 0.948730496534614, 0.9481159453277037, 0.7744824682197362]
1394	4	17	0.000205	"(""10:46:19"", ""13:42:54"")"	t-in_voc	t-out	512	8	3	3	transformer	0.7220635263858699	[0.94218666423881, 0.9491288167613151, 0.9475810581661337, 0.7736061637209938]
1395	4	19	0.000205	"(""10:46:18"", ""13:50:46"")"	t-in_voc	t-out	512	8	3	3	transformer	0.7290170594862807	[0.9436547587886512, 0.9517235885238252, 0.951780491413354, 0.777088620560152]
1396	4	21	0.000205	"(""10:46:21"", ""13:54:53"")"	t-in_voc	t-out	512	8	3	3	transformer	0.7303599676791588	[0.9453959872082305, 0.9523381397307356, 0.9524405649318872, 0.7777031717670624]
1397	4	24	0.000205	"(""10:46:23"", ""14:08:29"")"	t-in_voc	t-out	512	8	3	3	transformer	0.7367899941959053	[0.9475582970103222, 0.9551150007397375, 0.9550922395839261, 0.7786819014669565]
1398	4	26	0.000205	"(""10:46:21"", ""14:10:05"")"	t-in_voc	t-out	512	8	3	3	transformer	0.7360616372099376	[0.9476493416335682, 0.9541135098840319, 0.9548760086037169, 0.777760074656591]
1399	4	29	0.000205	"(""13:21:31"", ""16:56:50"")"	t-in_voc	t-out	512	8	3	3	transformer	0.7426851335510817	[0.9493791894752416, 0.9575049220999442, 0.9564692895105213, 0.7802865629516667]
1400	4	32	0.000205	"(""13:23:51"", ""17:06:36"")"	t-in_voc	t-out	512	8	3	3	transformer	0.7433793488033322	[0.9489467275148232, 0.9578918617487396, 0.9573228328534523, 0.7793078332517726]
1401	4	35	0.000205	"(""13:29:09"", ""17:24:59"")"	t-in_voc	t-out	512	8	3	3	transformer	0.7481819526795571	[0.9513480294529356, 0.959621709590413, 0.95904130011722, 0.7817091351898849]
1402	4	39	0.000205	"(""13:34:05"", ""17:39:34"")"	t-in_voc	t-out	512	8	3	3	transformer	0.7487851233085616	[0.9508245228692713, 0.9598834628822451, 0.9599403657717739, 0.7814587624759586]
1403	4	42	0.000205	"(""13:38:04"", ""17:53:13"")"	t-in_voc	t-out	512	8	3	3	transformer	0.7509360525327476	[0.9519398195040344, 0.9606004392903071, 0.9605207752449669, 0.7825968202665331]
1404	4	46	0.000205	"(""13:42:57"", ""18:11:23"")"	t-in_voc	t-out	512	8	3	3	transformer	0.7535763466068807	[0.9524633260876987, 0.9616588330355416, 0.9621937201971116, 0.783188610317632]
1405	4	50	0.000205	"(""13:50:48"", ""18:31:44"")"	t-in_voc	t-out	512	8	3	3	transformer	0.7559093650775587	[0.9529754520934574, 0.9627741296703046, 0.9629789800726081, 0.7840535342384686]
1428	4	52	0.000205	"(""02:22:52"", ""07:10:21"")"	t-in_voc	t-out	512	8	3	3	transformer	0.7554769031171403	[0.952895788048117, 0.9631383081632885, 0.9626261821575299, 0.7834958859210871]
1429	4	55	0.000205	"(""02:22:55"", ""07:18:18"")"	t-in_voc	t-out	512	8	3	3	transformer	0.7581058166133676	[0.9537720925468596, 0.9632862556760632, 0.9642877465317689, 0.7846680854453789]
1430	4	57	0.000205	"(""02:22:56"", ""07:24:43"")"	t-in_voc	t-out	512	8	3	3	transformer	0.7571612286471907	[0.9539541817933515, 0.9629562189167966, 0.9629675994947023, 0.7840307730826571]
1431	4	59	0.000205	"(""02:22:55"", ""07:31:51"")"	t-in_voc	t-out	512	8	3	3	transformer	0.7573774596273999	[0.9531006384504205, 0.9638894263050678, 0.9637756205260103, 0.7844518544651697]
1432	4	62	0.000205	"(""02:22:58"", ""07:42:47"")"	t-in_voc	t-out	512	8	3	3	transformer	0.7595511500073974	[0.9545687330002618, 0.9645950221352241, 0.9646064027131298, 0.7841901011733375]
1433	4	64	0.000205	"(""02:22:59"", ""07:46:47"")"	t-in_voc	t-out	512	8	3	3	transformer	0.7586748455086549	[0.9541248904619376, 0.9637983816818217, 0.964503977511978, 0.78354140823271]
1434	4	66	0.000205	"(""02:22:58"", ""07:55:39"")"	t-in_voc	t-out	512	8	3	3	transformer	0.7598925673445698	[0.9543411214421468, 0.9644356940445435, 0.9649250588944907, 0.7846111825558502]
1435	4	69	0.000205	"(""02:23:01"", ""08:00:48"")"	t-in_voc	t-out	512	8	3	3	transformer	0.7607916329991237	[0.9549556726490571, 0.9647202084921872, 0.9654144237444378, 0.7851915920290432]
1436	4	71	0.000205	"(""02:23:02"", ""08:14:19"")"	t-in_voc	t-out	512	8	3	3	transformer	0.7614289453618455	[0.9549556726490571, 0.9652550956537573, 0.9655737518351182, 0.7847249883349077]
1437	4	74	0.000205	"(""02:23:01"", ""08:17:37"")"	t-in_voc	t-out	512	8	3	3	transformer	0.7625442419966086	[0.9558319771477995, 0.9656306547246469, 0.9659948332176308, 0.7848274135360593]
1438	4	76	0.000205	"(""07:10:24"", ""13:15:15"")"	t-in_voc	t-out	512	8	3	3	transformer	0.7624418167954569	[0.9554222763431927, 0.9650161035177366, 0.9654599460560608, 0.7850664056720801]
1439	4	78	0.000205	"(""07:18:21"", ""13:26:29"")"	t-in_voc	t-out	512	8	3	3	transformer	0.7637164415209005	[0.9555474627001559, 0.9656420353025527, 0.9660858778408767, 0.7858858072812938]
1440	4	81	0.000205	"(""07:24:46"", ""13:44:44"")"	t-in_voc	t-out	512	8	3	3	transformer	0.7634660688069741	[0.9557523131024593, 0.96567617703627, 0.9663703922885204, 0.7850777862499858]
1441	4	83	0.000205	"(""07:31:54"", ""13:56:34"")"	t-in_voc	t-out	512	8	3	3	transformer	0.7646155071754543	[0.9559799246605742, 0.9656875576141757, 0.966882518294279, 0.7861020382615029]
1442	4	85	0.000205	"(""07:42:50"", ""14:17:18"")"	t-in_voc	t-out	512	8	3	3	transformer	0.7649341633568153	[0.9556498879013077, 0.9661769224641227, 0.9668711377163732, 0.786010993638257]
1443	4	88	0.000205	"(""07:46:50"", ""14:27:52"")"	t-in_voc	t-out	512	8	3	3	transformer	0.7649114022010037	[0.9560482081280087, 0.966256586509463, 0.9666662873140698, 0.785783382080142]
1444	4	90	0.000205	"(""07:55:42"", ""14:44:12"")"	t-in_voc	t-out	512	8	3	3	transformer	0.7656739009206888	[0.9564465283547099, 0.9669394211838077, 0.9672011744756399, 0.785965471326634]
1469	1	30	0.000205	"(""18:39:00"", ""19:48:26"")"	t-in_voc	t-out	512	8	3	3	transformer	0.7483674747294033	[0.7483674747294033]
1470	2	30	0.000205	"(""18:39:04"", ""20:41:23"")"	t-in_voc	t-out	512	8	3	3	transformer	0.7300380228136882	[0.9510315656849732, 0.7525142304317501]
1471	3	30	0.000205	"(""18:39:04"", ""21:32:12"")"	t-in_voc	t-out	512	8	3	3	transformer	0.7302970297029703	[0.9496803394625177, 0.956062234794908, 0.7634398868458274]
1472	4	30	0.000205	"(""18:39:05"", ""22:17:42"")"	t-in_voc	t-out	512	8	3	3	transformer	0.7428444616417622	[0.9486394519113681, 0.9573000716976408, 0.9573114522755466, 0.7804686521981586]
1473	5	30	0.000205	"(""18:39:08"", ""23:07:45"")"	t-in_voc	t-out	512	8	3	3	transformer	0.7573250011445314	[0.9480268278166919, 0.9575378839902944, 0.9586366341619741, 0.958670970104839, 0.7946367257244884]
1474	6	30	0.000205	"(""18:39:07"", ""23:56:51"")"	t-in_voc	t-out	512	8	3	3	transformer	0.7672237184356513	[0.9477246046543747, 0.9572082959279976, 0.9584052666712704, 0.9588311120318579, 0.9584282853394103, 0.805158483530143]
1475	7	30	0.000205	"(""18:39:07"", ""00:54:37"")"	t-in_voc	t-out	512	8	3	3	transformer	0.7831641804862807	[0.9484903542373078, 0.9588131140711252, 0.9598777933364965, 0.9598199303329438, 0.9600861001492865, 0.9600629549478654, 0.8160766569071067]
1476	8	30	0.000205	"(""18:39:10"", ""01:31:18"")"	t-in_voc	t-out	512	8	3	3	transformer	0.7935724840882911	[0.9464412459420779, 0.956738768718802, 0.9580768648988283, 0.9583793909917038, 0.958274670421093, 0.958228127945266, 0.9577394319490825, 0.8262220308809327]
1485	9	30	0.000205	"(""10:53:41"", ""18:38:18"")"	t-in_voc	t-out	512	8	3	3	transformer	0.8000491337256233	[0.9444671915396404, 0.9563996677624267, 0.9582597302324494, 0.9586106854154725, 0.9587042734642787, 0.9590552286473017, 0.958891449561891, 0.9583650167873563, 0.8336823387653397]
1486	10	30	0.000205	"(""10:53:44"", ""19:18:32"")"	t-in_voc	t-out	512	8	3	3	transformer	0.8091384886798001	[0.9443810643928257, 0.9555542487503675, 0.9575418994413408, 0.9580005880623346, 0.9580711555424875, 0.9580476330491032, 0.9580476330491032, 0.9579888268156425, 0.9576595119082623, 0.841340782122905]
1487	11	30	0.000205	"(""10:53:44"", ""20:12:09"")"	t-in_voc	t-out	512	8	3	3	transformer	0.8185343706401191	[0.9442289957199271, 0.9562770460403415, 0.9572702121118967, 0.9578140887701293, 0.9580742036936319, 0.9580505568824044, 0.9582042611553832, 0.9580269100711769, 0.9577667951476744, 0.9571283312445317, 0.8488377592281681]
1488	12	30	0.000205	"(""10:53:45"", ""20:54:11"")"	t-in_voc	t-out	512	8	3	3	transformer	0.824039078656493	[0.9439729967434453, 0.955418479165181, 0.9572725760060853, 0.9571774941168081, 0.9575102807292781, 0.9574508545484799, 0.9579024935225463, 0.9575102807292781, 0.9573201169507238, 0.9569754451020942, 0.9566901994342628, 0.8552378235755544]
1533	7	32	0.0001	"(""09:55:25"", ""16:14:32"")"	t-in_voc	t-out	512	8	3	3	transformer	0.7825739778500422	[0.947541400979042, 0.9586973880640196, 0.9597042043258381, 0.9609656178032889, 0.9609656178032889, 0.9604679959727349, 0.8168404485540035]
1534	7	32	0.0001125	"(""09:55:27"", ""16:11:08"")"	t-in_voc	t-out	512	8	3	3	transformer	0.7857332978440245	[0.9483977734316232, 0.9596926317251276, 0.9603985603684716, 0.9608498917961834, 0.9614285218317112, 0.9610466260082628, 0.8170371827660831]
1535	7	32	0.000125	"(""09:55:29"", ""16:15:11"")"	t-in_voc	t-out	512	8	3	3	transformer	0.7867169689044219	[0.9492657184849151, 0.9595421879158903, 0.9606184397819723, 0.9609309000011572, 0.9608730369976045, 0.9606647301848145, 0.8166668595433452]
1536	7	32	0.0001375	"(""09:55:28"", ""16:10:52"")"	t-in_voc	t-out	512	8	3	3	transformer	0.7863929360845263	[0.9491615650785201, 0.9599472289407599, 0.9609656178032889, 0.9610119082061311, 0.9613359410260268, 0.9612549328210529, 0.8173033525824258]
1537	7	32	0.00015	"(""09:55:31"", ""16:16:25"")"	t-in_voc	t-out	512	8	3	3	transformer	0.7890662068486651	[0.9494740252977052, 0.9603754151670505, 0.961463239633843, 0.9620071518672392, 0.9619377162629758, 0.9616599738459224, 0.8188425084769301]
1538	7	32	0.0001625	"(""09:55:30"", ""16:11:17"")"	t-in_voc	t-out	512	8	3	3	transformer	0.7868905579150802	[0.9493235814884678, 0.9595421879158903, 0.9604101329691822, 0.9610813438103946, 0.9613938040295795, 0.9611854972167895, 0.8175000867945054]
1539	7	32	0.000175	"(""09:55:30"", ""16:20:35"")"	t-in_voc	t-out	512	8	3	3	transformer	0.786346645681684	[0.9490574116721251, 0.9602596891599449, 0.9606878753862356, 0.9614285218317112, 0.9616599738459224, 0.9608730369976045, 0.8173727881866892]
1540	7	32	0.0001875	"(""09:55:33"", ""16:09:52"")"	t-in_voc	t-out	512	8	3	3	transformer	0.7849579335964171	[0.9494045896934418, 0.9594611797109165, 0.9602596891599449, 0.9610581986089733, 0.9607457383897884, 0.9603869877677611, 0.816539560935529]
1541	7	32	0.0002	"(""09:55:35"", ""16:15:13"")"	t-in_voc	t-out	512	8	3	3	transformer	0.7845181747694159	[0.9492194280820729, 0.9591024290888891, 0.9602365439585238, 0.9609424726018678, 0.9605721493791299, 0.9602365439585238, 0.8170256101653725]
1542	7	32	0.0002125	"(""09:55:34"", ""16:10:47"")"	t-in_voc	t-out	512	8	3	3	transformer	0.7869252757172119	[0.9492078554813623, 0.9601208179514182, 0.9607920287926306, 0.9612549328210529, 0.9618567080580018, 0.9613359410260268, 0.8175232319959265]
1543	7	32	0.000225	"(""10:43:24"", ""17:06:26"")"	t-in_voc	t-out	512	8	3	3	transformer	0.7844487391651526	[0.949242573283494, 0.9595537605166009, 0.960178680954971, 0.9605837219798405, 0.9606531575841039, 0.9603638425663399, 0.8161808103135018]
1544	7	32	0.0002375	"(""10:43:24"", ""16:58:50"")"	t-in_voc	t-out	512	8	3	3	transformer	0.7837891009246508	[0.9485250720394395, 0.9594264619087848, 0.9599588015414704, 0.9608151739940517, 0.9603985603684716, 0.9600166645450232, 0.8166784321440558]
1545	7	32	0.00025	"(""16:09:55"", ""22:24:42"")"	t-in_voc	t-out	512	8	3	3	transformer	0.7825045422457789	[0.9478654337989376, 0.9587321058661513, 0.9594843249123376, 0.9603985603684716, 0.9605258589762877, 0.9601323905521287, 0.8156947610836583]
1546	7	32	0.0002625	"(""16:10:50"", ""22:25:01"")"	t-in_voc	t-out	512	8	3	3	transformer	0.7824466792422261	[0.9483977734316232, 0.9588709770746779, 0.9595306153151798, 0.9602596891599449, 0.9602596891599449, 0.9599588015414704, 0.8163196815220285]
1547	7	32	0.000275	"(""16:10:55"", ""22:26:43"")"	t-in_voc	t-out	512	8	3	3	transformer	0.7824119614400944	[0.9487912418557822, 0.9589056948768097, 0.959368598905232, 0.9604679959727349, 0.9601439631528393, 0.9600282371457337, 0.81614609251137]
1548	7	32	0.0002875	"(""16:11:11"", ""22:26:44"")"	t-in_voc	t-out	512	8	3	3	transformer	0.7797734084780873	[0.9489185404635984, 0.9582576292370184, 0.9588362592725463, 0.9597967851315226, 0.9594496071102059, 0.9594496071102059, 0.8157641966879217]
1549	7	32	0.0003	"(""16:11:19"", ""22:26:35"")"	t-in_voc	t-out	512	8	3	3	transformer	0.7752948120031015	[0.9470900695513302, 0.9568689171517515, 0.9581766210320445, 0.9590214208839153, 0.9590677112867575, 0.9585700894562035, 0.8153591556630522]
1791	7	32	1.25e-05	"(""10:27:26"", ""16:40:12"")"	t-in_voc	t-out	512	8	3	3	transformer	0.4999016328939603	[0.8849914941384778, 0.8906042054830983, 0.8907546492923355, 0.8907315040909144, 0.890581060281677, 0.8900487206489914, 0.7733506150837278]
1792	7	32	2.5e-05	"(""10:27:29"", ""16:49:48"")"	t-in_voc	t-out	512	8	3	3	transformer	0.6518730254250038	[0.9223247040307369, 0.9311430257721818, 0.9316175024013147, 0.9318605270162363, 0.932080406429737, 0.9314670585920773, 0.7978498107879783]
1793	7	32	3.75e-05	"(""10:27:29"", ""16:44:00"")"	t-in_voc	t-out	512	8	3	3	transformer	0.7130110749788799	[0.9343602087697168, 0.9440464755644536, 0.9450764370276933, 0.9458402286745901, 0.9464535765122496, 0.9458749464767218, 0.8065061161194755]
1794	7	32	5e-05	"(""12:16:22"", ""18:38:19"")"	t-in_voc	t-out	512	8	3	3	transformer	0.7474974250963419	[0.9416856650194998, 0.951753827637685, 0.9522977398710812, 0.9533277013343209, 0.9540452025783754, 0.9540914929812176, 0.812222980870491]
1795	7	32	6.25e-05	"(""12:16:22"", ""18:31:35"")"	t-in_voc	t-out	512	8	3	3	transformer	0.7661408848410504	[0.9438844591545058, 0.9558852460913541, 0.9563828679219081, 0.9572045225723577, 0.9576095635972272, 0.9572971033780422, 0.8148615338324982]
1796	7	32	7.5e-05	"(""16:40:15"", ""22:54:18"")"	t-in_voc	t-out	512	8	3	3	transformer	0.7738829547164134	[0.9457823656710372, 0.9571350869680944, 0.9578294430107278, 0.9589404126789414, 0.9589635578803625, 0.9585122264526507, 0.81593778569858]
1797	7	32	8.75e-05	"(""16:44:05"", ""22:59:24"")"	t-in_voc	t-out	512	8	3	3	transformer	0.7814398629804076	[0.9482589022230966, 0.9591950098945736, 0.9595537605166009, 0.9605605767784194, 0.9607341657890778, 0.9602133987571027, 0.817118190971057]
1798	7	32	0.0003125	"(""16:49:51"", ""23:09:36"")"	t-in_voc	t-out	512	8	3	3	transformer	0.7790790524354538	[0.9470322065477775, 0.9585122264526507, 0.9585006538519402, 0.9595421879158903, 0.9594033167073637, 0.9592644454988369, 0.8156947610836583]
1799	7	32	0.000325	"(""18:31:38"", ""00:48:05"")"	t-in_voc	t-out	512	8	3	3	transformer	0.7773547349295807	[0.9477497077918321, 0.9576095635972272, 0.9586279524597563, 0.9592760180995475, 0.9594380345094953, 0.9588362592725463, 0.8163081089213179]
1800	7	32	0.0003375	"(""18:38:22"", ""00:56:27"")"	t-in_voc	t-out	512	8	3	3	transformer	0.7775630417423708	[0.947333094166252, 0.957482264989411, 0.9588362592725463, 0.9591718646931525, 0.9589867030817836, 0.9590561386860469, 0.8154864542708683]
1801	7	32	0.00035	"(""22:29:17"", ""04:51:17"")"	t-in_voc	t-out	512	8	3	3	transformer	0.7760238858478666	[0.9469164805406719, 0.9570077883602782, 0.9582229114348868, 0.9593454537038109, 0.9587783962689935, 0.9586742428625985, 0.8156484706808161]
1802	7	32	0.0003625	"(""22:29:18"", ""04:44:31"")"	t-in_voc	t-out	512	8	3	3	transformer	0.7759313050421821	[0.9474603927740681, 0.9576442813993589, 0.958165048431334, 0.9591255742903103, 0.9585932346576246, 0.9584659360498085, 0.8161692377127912]
1803	7	32	0.000375	"(""22:54:21"", ""05:08:39"")"	t-in_voc	t-out	512	8	3	3	transformer	0.775410538010207	[0.9475066831769103, 0.9565911747346981, 0.9579220238164122, 0.9590677112867575, 0.9588594044739674, 0.9583386374419923, 0.8156368980801055]
1804	7	32	0.0003875	"(""22:59:27"", ""05:14:59"")"	t-in_voc	t-out	512	8	3	3	transformer	0.7750633599888903	[0.9478075707953848, 0.9575054101908322, 0.9582344840355973, 0.9591024290888891, 0.9582344840355973, 0.9587552510675724, 0.8159030678964484]
1805	7	32	0.0004	"(""23:09:39"", ""05:31:43"")"	t-in_voc	t-out	512	8	3	3	transformer	0.7732580342780433	[0.9468470449364086, 0.9566953281410931, 0.9572160951730683, 0.9585122264526507, 0.9583270648412818, 0.9574706923887005, 0.8147689530268137]
2303	7	32	0.0005	"(""12:40:14"", ""19:00:22"")"	t-in_voc	t-out	512	8	3	3	transformer	0.7669278216893682	[0.9458633738760112, 0.9553760516600895, 0.9560241172998808, 0.957065651363831, 0.9567763363460671, 0.9568804897524621, 0.8146763722211292]
2304	7	32	0.0006	"(""12:40:14"", ""18:55:54"")"	t-in_voc	t-out	512	8	3	3	transformer	0.7584335327678189	[0.9436067167374524, 0.9537790327620326, 0.9546469778153245, 0.9557810926849591, 0.9550751640416151, 0.95497101063522, 0.8120378192591221]
2305	7	32	0.0008	"(""18:55:57"", ""01:01:42"")"	t-in_voc	t-out	512	8	3	3	transformer	0.0	[0.019962736225712003, 0.00929279837057782, 0.011283285692793741, 0.008760458737892166, 0.0091886449641828, 0.006769971415676245, 0.006422793394359514]
2306	7	32	0.0012	"(""19:00:24"", ""00:23:40"")"	t-in_voc	t-out	512	8	3	3	transformer	0.0	[0.007360174051914687, 0.009998727013921838, 0.0035296432167200935, 0.01423429887398595, 0.0016664545023203064, 0.006538519401465092, 0.009778847600421242]
2307	7	32	0.002	"(""20:32:11"", ""03:10:24"")"	t-in_voc	t-out	512	8	3	3	transformer	0.0	[0.0, 0.0, 0.0, 0.0, 0.0, 0.0, 0.0]
2308	7	32	0.0036	"(""20:32:11"", ""03:03:51"")"	t-in_voc	t-out	512	8	3	3	transformer	0.0	[0.0, 0.0, 0.0, 0.0, 0.0, 0.0, 0.0]
2309	7	32	0.0068	"(""20:32:11"", ""03:07:43"")"	t-in_voc	t-out	512	8	3	3	transformer	0.0	[0.0, 0.0, 0.0, 0.0, 0.0, 0.0, 0.0]
2310	7	32	0.013000000000000001	"(""20:32:10"", ""03:03:33"")"	t-in_voc	t-out	512	8	3	3	transformer	0.0	[0.0, 0.0, 0.0, 0.0, 0.0, 0.0, 0.0]
2493	7	32	0.00042	"(""14:42:33"", ""21:03:49"")"	t-in_voc	t-out	512	8	3	3	transformer	0.7738713821157028	[0.9470090613463563, 0.9566258925368298, 0.9576789992014906, 0.9582229114348868, 0.9586395250604668, 0.9579104512157017, 0.8156137528786844]
2494	7	32	0.00044	"(""14:42:36"", ""20:56:42"")"	t-in_voc	t-out	512	8	3	3	transformer	0.771985048199882	[0.9461526888937751, 0.9567647637453565, 0.9572971033780422, 0.9582113388341762, 0.9577252896043328, 0.9578294430107278, 0.8151971392531043]
2495	7	32	0.00047999999999999996	"(""14:42:36"", ""21:05:40"")"	t-in_voc	t-out	512	8	3	3	transformer	0.7711518209487218	[0.9469859161449352, 0.9563712953211976, 0.9567879089467776, 0.9583502100427029, 0.9577947252085961, 0.9571119417666732, 0.8149425420374721]
2496	7	32	0.0005200000000000001	"(""14:42:37"", ""20:58:36"")"	t-in_voc	t-out	512	8	3	3	transformer	0.7659441506289708	[0.945134300031246, 0.9544849614053766, 0.9552487530522734, 0.9567300459432249, 0.956359722720487, 0.9558042378863802, 0.8139820161784957]
2497	7	32	0.00056	"(""17:39:11"", ""23:58:50"")"	t-in_voc	t-out	512	8	3	3	transformer	0.7647637453564939	[0.9456087766603789, 0.9549362928330883, 0.9551214544444573, 0.956961497957436, 0.9560819803034336, 0.9566143199361192, 0.8134149587436784]
2498	7	32	0.00064	"(""17:39:11"", ""23:54:53"")"	t-in_voc	t-out	512	8	3	3	transformer	0.7583062341600028	[0.944115911168717, 0.9528647973058986, 0.9533971369385842, 0.9541377833840599, 0.9542766545925866, 0.9541146381826388, 0.8116443508349631]
2499	7	32	0.0006799999999999999	"(""20:56:45"", ""03:12:19"")"	t-in_voc	t-out	512	8	3	3	transformer	0.7484579509553182	[0.9409913089768663, 0.9515918112277372, 0.9527953617016353, 0.9543576627975605, 0.9535938711506637, 0.9531078219208202, 0.8100357593361956]
2500	7	32	0.00072	"(""20:58:39"", ""03:14:04"")"	t-in_voc	t-out	512	8	3	3	transformer	0.7463054472231545	[0.9417435280230526, 0.9504576963581025, 0.9521935864646862, 0.953559153348532, 0.9536980245570587, 0.9532582657300576, 0.8106143893717235]
2501	7	32	0.0007599999999999999	"(""21:03:52"", ""03:27:08"")"	t-in_voc	t-out	512	8	3	3	transformer	0.005381259330409322	[0.30592169978359235, 0.16435407529134022, 0.10109823980743192, 0.07090532455358693, 0.05800187476131511, 0.05574521762275636, 0.06603325965444214]
2593	7	32	0.000728	"(""10:49:31"", ""17:08:24"")"	t-in_voc	t-out	512	8	3	3	transformer	0.7306130006596382	[0.9353670250315353, 0.9478770063996482, 0.9479580146046221, 0.9500410827325225, 0.9503998333545498, 0.9502841073474442, 0.8095034197035099]
2594	7	32	0.000734	"(""10:49:31"", ""17:05:00"")"	t-in_voc	t-out	512	8	3	3	transformer	0.7279165846940783	[0.9369987617317239, 0.9465924477207763, 0.9473909571698048, 0.9484440638344656, 0.9489416856650195, 0.9493698718913102, 0.8090173704736665]
2595	7	32	0.0007379999999999999	"(""11:16:05"", ""17:38:16"")"	t-in_voc	t-out	512	8	3	3	transformer	0.7439562092789113	[0.9410723171818403, 0.9508627373829721, 0.9516033838284478, 0.9525639096874241, 0.9522861672703706, 0.9512909236092627, 0.8075360775827152]
2596	7	32	0.00074	"(""11:16:06"", ""17:29:56"")"	t-in_voc	t-out	512	8	3	3	transformer	0.7395239032067676	[0.9396373146937311, 0.9496013239055213, 0.9502493895453126, 0.9517191098355533, 0.951753827637685, 0.9512909236092627, 0.810602816771013]
2597	7	32	0.000742	"(""17:05:03"", ""23:19:52"")"	t-in_voc	t-out	512	8	3	3	transformer	0.7061253775560982	[0.9273819305412505, 0.9424726018678178, 0.9435951441367418, 0.9459443820809851, 0.9451805904340883, 0.945134300031246, 0.8051752670377614]
2598	7	32	0.000746	"(""17:08:27"", ""23:29:15"")"	t-in_voc	t-out	512	8	3	3	transformer	0.041152168126743126	[0.6109407367117612, 0.42705211142099964, 0.302739234588189, 0.23140572380831145, 0.19168855816967748, 0.1768293388573214, 0.17068428788001527]
2599	7	32	0.000752	"(""17:29:59"", ""23:46:23"")"	t-in_voc	t-out	512	8	3	3	transformer	0.7246762564951221	[0.9347189593917441, 0.9467081737278819, 0.9471016421520408, 0.9483167652266494, 0.9488722500607562, 0.9486986610500978, 0.8091562416821932]
