job	seqlen	epochs	lrate	dropout	times	f_in	f_out	embsize	n_heads	n_enc	n_dec	network	batchsize	complete	distinct
5103	7	20	0.000153	0.05	"(""17:10:14"", ""19:07:02"")"	t-in_voc	t-out	512	8	3	3	transformer	128	0.7177514792899409	[0.9485629754860524, 0.951141166525782, 0.9492392223161454, 0.9475908706677938, 0.9489010989010989, 0.9476754015215554, 0.9451394759087067]
5104	7	20	0.000153	0.1	"(""17:10:13"", ""19:01:33"")"	t-in_voc	t-out	512	8	3	3	transformer	128	0.5521555367709214	[0.9060016906170753, 0.9095519864750634, 0.9098901098901099, 0.909636517328825, 0.9097633136094675, 0.9101859678782755, 0.9053677092138631]
5105	7	20	0.000153	0.15	"(""17:10:13"", ""19:02:55"")"	t-in_voc	t-out	512	8	3	3	transformer	128	0.7256128486897717	[0.9498309382924768, 0.9498732037193576, 0.9492814877430262, 0.9493660185967878, 0.9499577345731192, 0.9496618765849535, 0.9494082840236686]
5106	7	20	0.000153	0.2	"(""17:10:19"", ""19:01:06"")"	t-in_voc	t-out	512	8	3	3	transformer	128	0.7059594251901944	[0.9442096365173288, 0.947295012679628, 0.9462383770076078, 0.9458579881656805, 0.9478021978021978, 0.9460693153000845, 0.9439137785291631]
5107	7	20	0.000153	0.25	"(""17:10:20"", ""19:02:52"")"	t-in_voc	t-out	512	8	3	3	transformer	128	0.687658495350803	[0.9398562975486052, 0.9430684699915469, 0.9409129332206255, 0.9406593406593406, 0.9420540997464074, 0.9428994082840236, 0.9396449704142011]
5108	7	20	0.000153	0.3	"(""17:10:19"", ""19:01:38"")"	t-in_voc	t-out	512	8	3	3	transformer	128	0.6524513947590871	[0.9337700760777684, 0.935207100591716, 0.9326711749788673, 0.9326289095519865, 0.9356297548605241, 0.9350803043110736, 0.9311918850380388]
5109	7	20	0.000153	0.35	"(""17:10:20"", ""19:02:48"")"	t-in_voc	t-out	512	8	3	3	transformer	128	0.6033389687235841	[0.9227387996618766, 0.9230769230769231, 0.9214285714285714, 0.9213863060016906, 0.9227387996618766, 0.922654268808115, 0.9189771766694843]
5110	7	20	0.000153	0.4	"(""17:10:19"", ""19:00:59"")"	t-in_voc	t-out	512	8	3	3	transformer	128	0.5521555367709214	[0.9060016906170753, 0.9095519864750634, 0.9098901098901099, 0.909636517328825, 0.9097633136094675, 0.9101859678782755, 0.9053677092138631]
5111	7	20	0.000153	0.45	"(""17:10:49"", ""19:03:23"")"	t-in_voc	t-out	512	8	3	3	transformer	128	0.4566356720202874	[0.8797548605240912, 0.8824598478444632, 0.8813609467455621, 0.8831360946745562, 0.8827557058326289, 0.8825021132713441, 0.8758664412510566]
5112	7	20	0.000153	0.5	"(""17:10:50"", ""19:01:33"")"	t-in_voc	t-out	512	8	3	3	transformer	128	0.3510143702451395	[0.8422231614539307, 0.8461538461538461, 0.8445477599323753, 0.8453930684699915, 0.8458579881656805, 0.8453085376162299, 0.838123415046492]
5127	7	20	0.0001	0.15	"(""19:13:16"", ""21:08:09"")"	t-in_voc	t-out	512	8	3	3	transformer	128	0.6923499577345731	[0.9428994082840236, 0.9443786982248521, 0.9433643279797126, 0.9431107354184277, 0.9439137785291631, 0.9437869822485208, 0.941251056635672]
5128	7	20	0.00011	0.15	"(""19:13:15"", ""21:05:06"")"	t-in_voc	t-out	512	8	3	3	transformer	128	0.7013524936601859	[0.9437869822485208, 0.9459425190194422, 0.9447168216398986, 0.9444632290786137, 0.9454353338968724, 0.946407438715131, 0.9429839391377853]
5129	7	20	0.00011999999999999999	0.15	"(""19:13:16"", ""21:05:40"")"	t-in_voc	t-out	512	8	3	3	transformer	128	0.7141589180050718	[0.9465765004226543, 0.9480980557903634, 0.9475908706677938, 0.9473372781065089, 0.9485629754860524, 0.9480557903634826, 0.9459425190194422]
5130	7	20	0.00013000000000000002	0.15	"(""19:13:15"", ""21:03:43"")"	t-in_voc	t-out	512	8	3	3	transformer	128	0.7172020287404903	[0.9475908706677938, 0.9491969568892645, 0.9478867286559595, 0.9482248520710059, 0.9501690617075232, 0.9501690617075232, 0.9453508030431107]
5131	7	20	0.00014	0.15	"(""19:13:16"", ""21:05:50"")"	t-in_voc	t-out	512	8	3	3	transformer	128	0.7184699915469146	[0.9498732037193576, 0.9502958579881656, 0.9485207100591716, 0.9487320371935757, 0.9496618765849535, 0.9490701606086221, 0.9458579881656805]
5132	7	20	0.00015	0.15	"(""19:13:15"", ""21:04:42"")"	t-in_voc	t-out	512	8	3	3	transformer	128	0.7233305156382079	[0.9491546914623837, 0.9503381234150465, 0.950676246830093, 0.95, 0.9503381234150465, 0.9503803888419273, 0.9471259509721048]
5133	7	20	0.00016	0.15	"(""19:13:15"", ""21:05:34"")"	t-in_voc	t-out	512	8	3	3	transformer	128	0.7255705832628909	[0.9487320371935757, 0.9514792899408284, 0.9489856297548606, 0.9495350803043111, 0.9508453085376163, 0.9509298393913779, 0.9475908706677938]
5134	7	20	0.00016999999999999999	0.15	"(""19:13:16"", ""21:04:19"")"	t-in_voc	t-out	512	8	3	3	transformer	128	0.725781910397295	[0.9486897717666949, 0.9518596787827557, 0.9510566356720203, 0.9494928148774303, 0.951141166525782, 0.9500422654268809, 0.9474640743871513]
5135	7	20	0.00018	0.15	"(""19:13:16"", ""21:05:57"")"	t-in_voc	t-out	512	8	3	3	transformer	128	0.7295012679628065	[0.9494505494505494, 0.9522823330515638, 0.9504226542688081, 0.9517328825021133, 0.9519442096365174, 0.9515215553677092, 0.9483939137785292]
5136	7	20	0.00018999999999999998	0.15	"(""19:13:15"", ""21:04:25"")"	t-in_voc	t-out	512	8	3	3	transformer	128	0.7349957734573119	[0.9514370245139476, 0.9543110735418427, 0.9528317836010144, 0.9524091293322062, 0.9513947590870668, 0.9515215553677092, 0.950211327134404]
5137	7	20	0.0002	0.15	"(""21:03:45"", ""22:55:00"")"	t-in_voc	t-out	512	8	3	3	transformer	128	0.73229078613694	[0.9505071851225697, 0.9530008453085376, 0.9512679628064243, 0.951098901098901, 0.9517751479289941, 0.9528317836010144, 0.9502535925612848]
5160	7	20	0.00018999999999999998	0.07	"(""21:18:26"", ""23:11:16"")"	t-in_voc	t-out	512	8	3	3	transformer	128	0.7345308537616229	[0.9507607776838546, 0.9532967032967034, 0.9526627218934911, 0.9514370245139476, 0.9519864750633982, 0.9524936601859679, 0.9502958579881656]
5161	7	20	0.00018999999999999998	0.09	"(""21:18:25"", ""23:09:31"")"	t-in_voc	t-out	512	8	3	3	transformer	128	0.7333474218089603	[0.9515215553677092, 0.9550295857988166, 0.9513947590870668, 0.9518596787827557, 0.9530008453085376, 0.9523245984784446, 0.9472104818258664]
5162	7	20	0.00018999999999999998	0.11	"(""21:18:25"", ""23:11:00"")"	t-in_voc	t-out	512	8	3	3	transformer	128	0.7385883347421809	[0.9518596787827557, 0.9530853761622993, 0.9519019442096365, 0.952916314454776, 0.9535080304311073, 0.9530008453085376, 0.9508453085376163]
5163	7	20	0.00018999999999999998	0.13	"(""21:18:28"", ""23:10:06"")"	t-in_voc	t-out	512	8	3	3	transformer	128	0.7293744716821641	[0.9504649196956889, 0.9517328825021133, 0.9498309382924768, 0.952028740490279, 0.9524936601859679, 0.9509721048182587, 0.947971259509721]
5165	7	20	0.00018999999999999998	0.17	"(""21:18:31"", ""23:09:34"")"	t-in_voc	t-out	512	8	3	3	transformer	128	0.7341504649196957	[0.9512256973795435, 0.952916314454776, 0.9512679628064243, 0.9511834319526628, 0.9516906170752325, 0.9509298393913779, 0.9491546914623837]
5166	7	20	0.00018999999999999998	0.19	"(""21:18:31"", ""23:11:05"")"	t-in_voc	t-out	512	8	3	3	transformer	128	0.7158918005071851	[0.9464497041420118, 0.9489856297548606, 0.9472527472527472, 0.9475063398140321, 0.9494082840236686, 0.9493660185967878, 0.9462383770076078]
5167	7	20	0.00018999999999999998	0.21	"(""21:18:32"", ""23:09:43"")"	t-in_voc	t-out	512	8	3	3	transformer	128	0.7159340659340659	[0.947759932375317, 0.948647506339814, 0.9461115807269653, 0.9461115807269653, 0.9472527472527472, 0.9479289940828403, 0.9459002535925612]
5168	7	20	0.00018999999999999998	0.23	"(""22:10:51"", ""00:02:52"")"	t-in_voc	t-out	512	8	3	3	transformer	128	0.7067202028740491	[0.9439560439560439, 0.9463229078613694, 0.9462806424344886, 0.9462383770076078, 0.9465765004226543, 0.9454775993237532, 0.945054945054945]
5169	7	20	0.00018999999999999998	0.25	"(""22:10:51"", ""00:01:50"")"	t-in_voc	t-out	512	8	3	3	transformer	128	0.6990278951817414	[0.9433643279797126, 0.9447590870667794, 0.9439560439560439, 0.9439983093829247, 0.946407438715131, 0.9439983093829247, 0.9418005071851225]
5202	7	20	0.000175	0.1	"(""10:19:03"", ""12:12:30"")"	t-in_voc	t-out	512	8	3	3	transformer	128	0.7346576500422655	[0.9516060862214708, 0.9528317836010144, 0.9521555367709214, 0.952916314454776, 0.9527895181741336, 0.9530431107354185, 0.9482671174978867]
5203	7	20	0.000175	0.105	"(""10:19:06"", ""12:10:06"")"	t-in_voc	t-out	512	8	3	3	transformer	128	0.7286136939983093	[0.9494505494505494, 0.952028740490279, 0.9513524936601859, 0.9507607776838546, 0.9512679628064243, 0.950676246830093, 0.9481825866441251]
5204	7	20	0.000175	0.11	"(""10:19:07"", ""12:11:21"")"	t-in_voc	t-out	512	8	3	3	transformer	128	0.7347844463229078	[0.9508875739644971, 0.9533812341504649, 0.952451394759087, 0.952451394759087, 0.9530008453085376, 0.952028740490279, 0.950211327134404]
5205	7	20	0.000175	0.115	"(""10:19:06"", ""12:09:55"")"	t-in_voc	t-out	512	8	3	3	transformer	128	0.7346153846153847	[0.9508875739644971, 0.9545224006762468, 0.9518174133558749, 0.9530008453085376, 0.9517328825021133, 0.9519019442096365, 0.948647506339814]
5206	7	20	0.000175	0.12	"(""10:19:10"", ""12:12:06"")"	t-in_voc	t-out	512	8	3	3	transformer	128	0.7378275570583263	[0.9529585798816568, 0.9538884192730347, 0.9524936601859679, 0.9516483516483516, 0.9521555367709214, 0.9531276415891801, 0.9497041420118343]
5207	7	20	0.000185	0.1	"(""10:19:09"", ""12:10:58"")"	t-in_voc	t-out	512	8	3	3	transformer	128	0.6997464074387151	[0.9451394759087067, 0.946407438715131, 0.9435333896872359, 0.9426880811496197, 0.9440828402366864, 0.9436179205409975, 0.9404480135249366]
5208	7	20	0.000185	0.105	"(""10:19:09"", ""12:11:25"")"	t-in_voc	t-out	512	8	3	3	transformer	128	0.7327979712595097	[0.9516060862214708, 0.9531276415891801, 0.9534234995773457, 0.95156382079459, 0.9509298393913779, 0.9516483516483516, 0.9491546914623837]
5209	7	20	0.000185	0.11	"(""10:19:12"", ""12:10:28"")"	t-in_voc	t-out	512	8	3	3	transformer	128	0.7333896872358411	[0.9518596787827557, 0.9537193575655114, 0.9509721048182587, 0.9513524936601859, 0.9521978021978021, 0.9526204564666103, 0.9489856297548606]
5210	7	20	0.000185	0.115	"(""10:19:12"", ""12:12:14"")"	t-in_voc	t-out	512	8	3	3	transformer	128	0.7227387996618766	[0.9494928148774303, 0.9530008453085376, 0.949788672865596, 0.9488165680473373, 0.9495773457311919, 0.9503381234150465, 0.9455621301775148]
5211	7	20	0.000185	0.12	"(""10:19:13"", ""12:10:11"")"	t-in_voc	t-out	512	8	3	3	transformer	128	0.6997464074387151	[0.9451394759087067, 0.946407438715131, 0.9435333896872359, 0.9426880811496197, 0.9440828402366864, 0.9436179205409975, 0.9404480135249366]
5212	7	20	0.000195	0.1	"(""12:09:58"", ""14:00:33"")"	t-in_voc	t-out	512	8	3	3	transformer	128	0.7374471682163991	[0.9516060862214708, 0.9527895181741336, 0.952451394759087, 0.9523245984784446, 0.9541842772612004, 0.953592561284869, 0.9515215553677092]
5213	7	20	0.000195	0.105	"(""12:10:12"", ""14:01:27"")"	t-in_voc	t-out	512	8	3	3	transformer	128	0.7342349957734573	[0.9516060862214708, 0.9531699070160609, 0.9524936601859679, 0.9522823330515638, 0.9532544378698224, 0.9530008453085376, 0.9494928148774303]
5214	7	20	0.000195	0.11	"(""12:10:13"", ""14:01:19"")"	t-in_voc	t-out	512	8	3	3	transformer	128	0.7350380388841927	[0.951141166525782, 0.9527472527472527, 0.9514370245139476, 0.9518596787827557, 0.9526204564666103, 0.9530008453085376, 0.9501267962806424]
5215	7	20	0.000195	0.115	"(""12:10:31"", ""14:01:45"")"	t-in_voc	t-out	512	8	3	3	transformer	128	0.7343617920540998	[0.9513524936601859, 0.9525359256128487, 0.9507607776838546, 0.9510566356720203, 0.9524936601859679, 0.9516906170752325, 0.9489010989010989]
5216	7	20	0.000195	0.12	"(""12:11:01"", ""14:02:41"")"	t-in_voc	t-out	512	8	3	3	transformer	128	0.7393068469991547	[0.9518596787827557, 0.9547337278106509, 0.9535080304311073, 0.9543533389687235, 0.9530853761622993, 0.9517751479289941, 0.9495773457311919]
5217	7	20	0.000205	0.1	"(""12:11:24"", ""14:03:49"")"	t-in_voc	t-out	512	8	3	3	transformer	128	0.7403212172442941	[0.950676246830093, 0.9547337278106509, 0.9549873203719358, 0.9545646661031276, 0.9536770921386306, 0.9532967032967034, 0.9501690617075232]
5218	7	20	0.000205	0.105	"(""12:11:28"", ""14:03:59"")"	t-in_voc	t-out	512	8	3	3	transformer	128	0.7364750633981403	[0.9516060862214708, 0.9535080304311073, 0.9515215553677092, 0.9509721048182587, 0.9526204564666103, 0.9533812341504649, 0.949323753169907]
5219	7	20	0.000205	0.11	"(""12:12:09"", ""14:04:54"")"	t-in_voc	t-out	512	8	3	3	transformer	128	0.7387996618765849	[0.9523668639053254, 0.9538884192730347, 0.9519864750633982, 0.9514792899408284, 0.9529585798816568, 0.9534234995773457, 0.9490278951817414]
5220	7	20	0.000205	0.115	"(""12:12:17"", ""14:05:18"")"	t-in_voc	t-out	512	8	3	3	transformer	128	0.7330515638207946	[0.9507185122569738, 0.9546069315300084, 0.952028740490279, 0.9503803888419273, 0.9520710059171598, 0.9502958579881656, 0.9486897717666949]
5221	7	20	0.000205	0.12	"(""12:12:33"", ""14:05:23"")"	t-in_voc	t-out	512	8	3	3	transformer	128	0.741251056635672	[0.9522823330515638, 0.9540997464074387, 0.9517751479289941, 0.9529585798816568, 0.9530431107354185, 0.9537616229923922, 0.9521555367709214]
5371	7	20	0.00011	0.1	"(""18:48:16"", ""20:40:13"")"	t-in_voc	t-out	512	8	3	3	transformer	128	0.7071428571428572	[0.9452662721893491, 0.9475908706677938, 0.9453930684699915, 0.9466610312764159, 0.9472527472527472, 0.94687235841082, 0.9443364327979713]
5372	7	20	0.00011	0.2	"(""18:48:17"", ""20:38:39"")"	t-in_voc	t-out	512	8	3	3	transformer	128	0.6809382924767541	[0.9420118343195266, 0.9418427726120033, 0.9397295012679628, 0.939010989010989, 0.9418005071851225, 0.9418850380388842, 0.937658495350803]
5373	7	20	0.00011	0.3	"(""18:48:20"", ""20:41:02"")"	t-in_voc	t-out	512	8	3	3	transformer	128	0.6083262890955199	[0.9217244294167372, 0.922865595942519, 0.9237109044801353, 0.9221048182586644, 0.9234995773457312, 0.9241335587489433, 0.9196956889264581]
5374	7	20	0.00011	0.4	"(""18:48:21"", ""20:38:28"")"	t-in_voc	t-out	512	8	3	3	transformer	128	0.4647083685545224	[0.884065934065934, 0.8837278106508876, 0.8840236686390532, 0.8827134404057481, 0.8842349957734573, 0.8844040574809806, 0.8773034657650042]
5375	7	20	0.00011	0.5	"(""18:48:21"", ""20:40:04"")"	t-in_voc	t-out	512	8	3	3	transformer	128	0.244167371090448	[0.7991546914623837, 0.8017751479289941, 0.797971259509721, 0.7966610312764159, 0.7943364327979713, 0.792392223161454, 0.7800929839391378]
5376	7	20	0.00011999999999999999	0.1	"(""18:48:23"", ""20:40:06"")"	t-in_voc	t-out	512	8	3	3	transformer	128	0.7109890109890109	[0.9467455621301775, 0.9494928148774303, 0.9468300929839392, 0.9472527472527472, 0.9475908706677938, 0.947971259509721, 0.9454775993237532]
5377	7	20	0.00011999999999999999	0.2	"(""18:48:24"", ""20:40:43"")"	t-in_voc	t-out	512	8	3	3	transformer	128	0.6922654268808115	[0.9422654268808115, 0.944843617920541, 0.9431530008453085, 0.9425190194420964, 0.9446745562130178, 0.9440828402366864, 0.9409974640743871]
5378	7	20	0.00011999999999999999	0.3	"(""18:48:25"", ""20:39:15"")"	t-in_voc	t-out	512	8	3	3	transformer	128	0.6200760777683855	[0.9259087066779375, 0.9272189349112426, 0.9261200338123415, 0.9262890955198647, 0.9268385460693153, 0.9264158918005072, 0.9222738799661877]
5379	7	20	0.00011999999999999999	0.4	"(""18:48:28"", ""20:41:27"")"	t-in_voc	t-out	512	8	3	3	transformer	128	0.49687235841082	[0.8926458157227388, 0.8948013524936602, 0.8946745562130177, 0.8939983093829248, 0.8953508030431108, 0.8945900253592561, 0.8855874894336433]
5380	7	20	0.00011999999999999999	0.5	"(""18:48:26"", ""20:39:16"")"	t-in_voc	t-out	512	8	3	3	transformer	128	0.2833051563820795	[0.815680473372781, 0.8171174978867286, 0.8176246830092984, 0.8178360101437024, 0.81614539306847, 0.8142011834319527, 0.8054099746407438]
5381	7	20	0.00013000000000000002	0.1	"(""20:38:31"", ""22:29:02"")"	t-in_voc	t-out	512	8	3	3	transformer	128	0.7139898562975486	[0.9471259509721048, 0.9469146238377008, 0.947759932375317, 0.94843617920541, 0.9485629754860524, 0.9469568892645815, 0.9443786982248521]
5382	7	20	0.00013000000000000002	0.2	"(""20:38:42"", ""22:30:30"")"	t-in_voc	t-out	512	8	3	3	transformer	128	0.6957311918850381	[0.9444632290786137, 0.9453508030431107, 0.9439983093829247, 0.9437447168216399, 0.9443786982248521, 0.9440828402366864, 0.9411665257819104]
5383	7	20	0.00013000000000000002	0.3	"(""20:39:18"", ""22:30:16"")"	t-in_voc	t-out	512	8	3	3	transformer	128	0.6316568047337278	[0.9285714285714286, 0.9308960270498732, 0.9283178360101437, 0.9270076077768385, 0.9299661876584954, 0.9292899408284023, 0.9245562130177515]
5384	7	20	0.00013000000000000002	0.4	"(""20:39:19"", ""22:30:15"")"	t-in_voc	t-out	512	8	3	3	transformer	128	0.527134404057481	[0.9018174133558748, 0.9031699070160608, 0.9025781910397295, 0.901352493660186, 0.9032121724429417, 0.9043533389687236, 0.8967455621301775]
5385	7	20	0.00013000000000000002	0.5	"(""20:40:13"", ""22:32:09"")"	t-in_voc	t-out	512	8	3	3	transformer	128	0.30874894336432795	[0.8278951817413356, 0.8281065088757397, 0.8263313609467455, 0.8258664412510567, 0.8250633981403213, 0.8246407438715131, 0.8113693998309383]
5386	7	20	0.00014	0.1	"(""20:40:12"", ""22:31:40"")"	t-in_voc	t-out	512	8	3	3	transformer	128	0.7224852071005917	[0.9487320371935757, 0.9515215553677092, 0.9500845308537617, 0.9508030431107354, 0.9494505494505494, 0.9494928148774303, 0.9472104818258664]
5387	7	20	0.00014	0.2	"(""20:40:16"", ""22:31:39"")"	t-in_voc	t-out	512	8	3	3	transformer	128	0.7005494505494505	[0.9451817413355875, 0.9452662721893491, 0.9440405748098056, 0.9450126796280642, 0.9454353338968724, 0.9456466610312764, 0.941927303465765]
5388	7	20	0.00014	0.3	"(""20:40:46"", ""22:33:01"")"	t-in_voc	t-out	512	8	3	3	transformer	128	0.6385883347421809	[0.9297548605240913, 0.9321217244294168, 0.9300084530853762, 0.9281910397295012, 0.9308114961961116, 0.931614539306847, 0.9297125950972105]
5389	7	20	0.00014	0.4	"(""20:41:05"", ""22:32:53"")"	t-in_voc	t-out	512	8	3	3	transformer	128	0.5329247675401522	[0.9048182586644125, 0.9040574809805579, 0.90312764158918, 0.903592561284869, 0.9038038884192731, 0.9051986475063398, 0.8981403212172443]
5390	7	20	0.00014	0.5	"(""20:41:30"", ""22:33:29"")"	t-in_voc	t-out	512	8	3	3	transformer	128	0.32514792899408285	[0.8330515638207946, 0.8341504649196957, 0.8340236686390533, 0.8352916314454776, 0.835672020287405, 0.8363060016906171, 0.8274302620456466]
5471	7	20	0.00016	0.1	"(""09:56:30"", ""11:48:45"")"	t-in_voc	t-out	512	8	3	3	transformer	128	0.7354184277261201	[0.9502958579881656, 0.9534234995773457, 0.95156382079459, 0.9516060862214708, 0.9539306846999155, 0.9538884192730347, 0.9503381234150465]
5472	7	20	0.00016	0.2	"(""09:56:33"", ""11:46:44"")"	t-in_voc	t-out	512	8	3	3	transformer	128	0.7073541842772612	[0.946407438715131, 0.9475486052409129, 0.9462383770076078, 0.9458579881656805, 0.9482248520710059, 0.946407438715131, 0.943491124260355]
5473	7	20	0.00016	0.3	"(""09:56:34"", ""11:48:40"")"	t-in_voc	t-out	512	8	3	3	transformer	128	0.6573119188503804	[0.9353338968723585, 0.9361792054099747, 0.9349112426035503, 0.9331783601014371, 0.9355874894336432, 0.9357142857142857, 0.932079459002536]
5474	7	20	0.00016	0.4	"(""09:56:33"", ""11:46:49"")"	t-in_voc	t-out	512	8	3	3	transformer	128	0.5586221470836855	[0.9101437024513948, 0.9106931530008453, 0.9106508875739645, 0.909636517328825, 0.9114539306846999, 0.9111158072696535, 0.9044378698224852]
5475	7	20	0.00016	0.5	"(""09:56:36"", ""11:48:41"")"	t-in_voc	t-out	512	8	3	3	transformer	128	0.3646238377007608	[0.8495773457311919, 0.8527049873203719, 0.849112426035503, 0.8497886728655959, 0.8501690617075233, 0.849323753169907, 0.8437447168216399]
5476	7	20	0.00018	0.1	"(""09:56:37"", ""11:48:16"")"	t-in_voc	t-out	512	8	3	3	transformer	128	0.7345308537616229	[0.9508875739644971, 0.9544378698224852, 0.9517751479289941, 0.9525781910397295, 0.9526204564666103, 0.9528317836010144, 0.9498309382924768]
5477	7	20	0.00018	0.2	"(""09:56:36"", ""11:49:14"")"	t-in_voc	t-out	512	8	3	3	transformer	128	0.7125528317836008	[0.9483516483516483, 0.9475063398140321, 0.9468300929839392, 0.9480557903634826, 0.9473795435333897, 0.9471682163989856, 0.9456466610312764]
5478	7	20	0.00018	0.3	"(""09:56:39"", ""11:47:48"")"	t-in_voc	t-out	512	8	3	3	transformer	128	0.6614116652578191	[0.9360524091293322, 0.9372781065088758, 0.9352493660185968, 0.9347844463229079, 0.9372781065088758, 0.9362637362637363, 0.9344463229078613]
5479	7	20	0.00018	0.4	"(""09:56:39"", ""11:49:05"")"	t-in_voc	t-out	512	8	3	3	transformer	128	0.5698647506339815	[0.914370245139476, 0.9146661031276416, 0.9129332206255283, 0.9128909551986475, 0.9138207945900254, 0.9139898562975486, 0.907861369399831]
5480	7	20	0.00018	0.5	"(""09:56:42"", ""11:47:12"")"	t-in_voc	t-out	512	8	3	3	transformer	128	0.3875739644970414	[0.8568469991546914, 0.8596787827557059, 0.8588757396449704, 0.8582417582417582, 0.859847844463229, 0.8619188503803888, 0.8524091293322063]
5481	7	20	0.0002	0.1	"(""11:46:47"", ""13:37:23"")"	t-in_voc	t-out	512	8	3	3	transformer	128	0.7374049027895182	[0.9514792899408284, 0.9531699070160609, 0.9538884192730347, 0.9522823330515638, 0.9540152155536771, 0.9539729501267963, 0.9502535925612848]
5482	7	20	0.0002	0.2	"(""11:46:52"", ""13:37:28"")"	t-in_voc	t-out	512	8	3	3	transformer	128	0.7205832628909552	[0.94843617920541, 0.9496618765849535, 0.9473372781065089, 0.947971259509721, 0.9489856297548606, 0.948647506339814, 0.9461961115807269]
5483	7	20	0.0002	0.3	"(""11:47:15"", ""13:38:22"")"	t-in_voc	t-out	512	8	3	3	transformer	128	0.6638630600169062	[0.9353761622992393, 0.9372781065088758, 0.9354606931530008, 0.9350803043110736, 0.9362214708368555, 0.937447168216399, 0.9338968723584108]
5484	7	20	0.0002	0.4	"(""11:47:51"", ""13:38:56"")"	t-in_voc	t-out	512	8	3	3	transformer	128	0.5794167371090448	[0.91770921386306, 0.9179205409974641, 0.9165680473372781, 0.9161876584953508, 0.9166948436179205, 0.9163567202028741, 0.9102282333051563]
5485	7	20	0.0002	0.5	"(""11:48:19"", ""13:39:23"")"	t-in_voc	t-out	512	8	3	3	transformer	128	0.4073119188503804	[0.8663144547759932, 0.8676669484361792, 0.8661453930684699, 0.8658495350803043, 0.8657650042265427, 0.86770921386306, 0.8582840236686391]
5486	7	20	0.00022	0.1	"(""11:48:43"", ""13:41:06"")"	t-in_voc	t-out	512	8	3	3	transformer	128	0.7397717666948436	[0.9510143702451395, 0.9548182586644125, 0.9531699070160609, 0.9528317836010144, 0.9539306846999155, 0.9532967032967034, 0.949788672865596]
5487	7	20	0.00022	0.2	"(""11:48:44"", ""13:41:09"")"	t-in_voc	t-out	512	8	3	3	transformer	128	0.7176669484361792	[0.9475486052409129, 0.9489856297548606, 0.9492392223161454, 0.9496618765849535, 0.9502535925612848, 0.9495350803043111, 0.9468300929839392]
5488	7	20	0.00022	0.3	"(""11:48:48"", ""13:40:50"")"	t-in_voc	t-out	512	8	3	3	transformer	128	0.6781487743026204	[0.9386306001690617, 0.9402366863905326, 0.9386306001690617, 0.9389687235841082, 0.9413355874894337, 0.9410397295012679, 0.9364750633981404]
5489	7	20	0.00022	0.4	"(""11:49:08"", ""13:41:45"")"	t-in_voc	t-out	512	8	3	3	transformer	128	0.5924767540152156	[0.9206255283178361, 0.9205832628909552, 0.9197379543533389, 0.9195688926458158, 0.9198647506339814, 0.9210904480135249, 0.9163989856297549]
5490	7	20	0.00022	0.5	"(""11:49:17"", ""13:41:08"")"	t-in_voc	t-out	512	8	3	3	transformer	128	0.4147083685545224	[0.8683431952662722, 0.8705832628909552, 0.8692307692307693, 0.8682586644125105, 0.8680050718512257, 0.868174133558749, 0.8604395604395605]
5491	7	20	0.00023999999999999998	0.1	"(""13:37:25"", ""15:28:14"")"	t-in_voc	t-out	512	8	3	3	transformer	128	0.7372358410819949	[0.9511834319526628, 0.9531276415891801, 0.9526204564666103, 0.9530431107354185, 0.9533389687235841, 0.9532544378698224, 0.9483516483516483]
5492	7	20	0.00023999999999999998	0.2	"(""13:37:31"", ""15:28:03"")"	t-in_voc	t-out	512	8	3	3	transformer	128	0.7265426880811496	[0.9501267962806424, 0.95156382079459, 0.9495350803043111, 0.9489856297548606, 0.9500845308537617, 0.9492392223161454, 0.9467878275570584]
5493	7	20	0.00023999999999999998	0.3	"(""13:38:25"", ""15:29:28"")"	t-in_voc	t-out	512	8	3	3	transformer	128	0.6840236686390533	[0.9402789518174134, 0.9428571428571428, 0.9407016060862214, 0.9396027049873203, 0.9415891800507186, 0.9408284023668639, 0.9366863905325444]
5494	7	20	0.00023999999999999998	0.4	"(""13:38:59"", ""15:29:52"")"	t-in_voc	t-out	512	8	3	3	transformer	128	0.5879966187658495	[0.9196111580726966, 0.9189349112426035, 0.9178360101437024, 0.9185122569737955, 0.9185545224006763, 0.918596787827557, 0.914370245139476]
5495	7	20	0.00023999999999999998	0.5	"(""13:39:25"", ""15:30:23"")"	t-in_voc	t-out	512	8	3	3	transformer	128	0.4384615384615385	[0.872442941673711, 0.8769653423499577, 0.8758241758241758, 0.8759087066779374, 0.8758664412510566, 0.8751479289940829, 0.8683431952662722]
5847	7	20	0.0001	0.05	"(""16:52:27"", ""18:43:54"")"	t-in_voc	t-out	512	8	3	3	transformer	128	0.6972527472527472	[0.9453085376162299, 0.9457311918850381, 0.9437869822485208, 0.9443364327979713, 0.9461961115807269, 0.943491124260355, 0.9401521555367709]
5848	7	20	0.00011	0.05	"(""16:52:26"", ""18:42:41"")"	t-in_voc	t-out	512	8	3	3	transformer	128	0.7036770921386306	[0.9438715131022823, 0.9459002535925612, 0.9448013524936602, 0.9461115807269653, 0.9469568892645815, 0.9451817413355875, 0.9402366863905326]
5849	7	20	0.00011999999999999999	0.05	"(""16:52:27"", ""18:44:13"")"	t-in_voc	t-out	512	8	3	3	transformer	128	0.7088757396449704	[0.947295012679628, 0.9483093829247675, 0.9466610312764159, 0.94687235841082, 0.9472104818258664, 0.9453930684699915, 0.941927303465765]
5850	7	20	0.00013000000000000002	0.05	"(""16:52:26"", ""18:42:56"")"	t-in_voc	t-out	512	8	3	3	transformer	128	0.715004226542688	[0.9473372781065089, 0.949323753169907, 0.947971259509721, 0.9472104818258664, 0.9481403212172443, 0.9475908706677938, 0.9469146238377008]
5851	7	20	0.00014	0.05	"(""16:52:26"", ""18:44:57"")"	t-in_voc	t-out	512	8	3	3	transformer	128	0.7174133558748943	[0.9483516483516483, 0.9486052409129332, 0.949788672865596, 0.9489010989010989, 0.9486897717666949, 0.9496196111580727, 0.9457734573119189]
5852	7	20	0.00015	0.05	"(""16:52:27"", ""18:44:02"")"	t-in_voc	t-out	512	8	3	3	transformer	128	0.7149196956889264	[0.9483516483516483, 0.950211327134404, 0.9489010989010989, 0.9482248520710059, 0.9475063398140321, 0.9480980557903634, 0.9441251056635672]
5853	7	20	0.00016	0.05	"(""16:52:26"", ""18:44:49"")"	t-in_voc	t-out	512	8	3	3	transformer	128	0.7198647506339814	[0.947295012679628, 0.9483093829247675, 0.9478867286559595, 0.9484784446322908, 0.9502958579881656, 0.9505917159763314, 0.9460693153000845]
5854	7	20	0.00016999999999999999	0.05	"(""16:52:27"", ""18:43:30"")"	t-in_voc	t-out	512	8	3	3	transformer	128	0.7245562130177515	[0.95, 0.952451394759087, 0.9502535925612848, 0.9504649196956889, 0.9510143702451395, 0.9495773457311919, 0.9457311918850381]
5855	7	20	0.00018	0.05	"(""16:52:27"", ""18:44:52"")"	t-in_voc	t-out	512	8	3	3	transformer	128	0.7327557058326291	[0.9500422654268809, 0.952916314454776, 0.9518174133558749, 0.9521132713440406, 0.9531276415891801, 0.9506339814032122, 0.9486897717666949]
5856	7	20	0.00018999999999999998	0.05	"(""16:52:26"", ""18:43:31"")"	t-in_voc	t-out	512	8	3	3	transformer	128	0.722865595942519	[0.9485207100591716, 0.951141166525782, 0.9489010989010989, 0.94843617920541, 0.9501267962806424, 0.9508030431107354, 0.9469146238377008]
5857	7	20	0.0002	0.05	"(""18:34:25"", ""20:26:58"")"	t-in_voc	t-out	512	8	3	3	transformer	128	0.7250633981403212	[0.9491546914623837, 0.9521555367709214, 0.9502535925612848, 0.9494082840236686, 0.95, 0.9502535925612848, 0.9469991546914623]
5858	7	20	0.00021	0.05	"(""18:34:26"", ""20:26:08"")"	t-in_voc	t-out	512	8	3	3	transformer	128	0.7252747252747253	[0.9491546914623837, 0.9508875739644971, 0.9494928148774303, 0.9499577345731192, 0.9505071851225697, 0.950211327134404, 0.948647506339814]
5859	7	20	0.00022	0.05	"(""18:42:56"", ""20:33:21"")"	t-in_voc	t-out	512	8	3	3	transformer	128	0.7296703296703296	[0.9488588334742181, 0.9523668639053254, 0.9510143702451395, 0.9504649196956889, 0.9507185122569738, 0.952451394759087, 0.9486052409129332]
5860	7	20	0.00022999999999999998	0.05	"(""18:43:25"", ""20:33:59"")"	t-in_voc	t-out	512	8	3	3	transformer	128	0.7363482671174979	[0.9510566356720203, 0.9538461538461539, 0.9528317836010144, 0.9513102282333051, 0.9521132713440406, 0.9521132713440406, 0.9491546914623837]
5861	7	20	0.00023999999999999998	0.05	"(""18:44:25"", ""20:35:59"")"	t-in_voc	t-out	512	8	3	3	transformer	128	0.7272612003381235	[0.9491969568892645, 0.9506339814032122, 0.9493660185967878, 0.9503381234150465, 0.9510143702451395, 0.9514370245139476, 0.9489010989010989]
5862	7	20	0.00025	0.05	"(""18:43:57"", ""20:34:43"")"	t-in_voc	t-out	512	8	3	3	transformer	128	0.7368554522400677	[0.9519864750633982, 0.9532967032967034, 0.9521978021978021, 0.9531276415891801, 0.9537616229923922, 0.9525359256128487, 0.9488588334742181]
5920	7	20	0.00021	0.07	"(""21:52:26"", ""23:44:20"")"	t-in_voc	t-out	512	8	3	3	transformer	128	0.7318681318681318	[0.9496196111580727, 0.9532967032967034, 0.9535080304311073, 0.9505071851225697, 0.9505071851225697, 0.9531699070160609, 0.9480980557903634]
5921	7	20	0.00021	0.09	"(""21:52:28"", ""23:43:18"")"	t-in_voc	t-out	512	8	3	3	transformer	128	0.7359256128486897	[0.9503381234150465, 0.9545224006762468, 0.9521555367709214, 0.9517751479289941, 0.9526627218934911, 0.9530008453085376, 0.9499577345731192]
5922	7	20	0.00021	0.11	"(""21:52:28"", ""23:44:50"")"	t-in_voc	t-out	512	8	3	3	transformer	128	0.7377430262045647	[0.9515215553677092, 0.9536770921386306, 0.952451394759087, 0.9532121724429417, 0.9532967032967034, 0.9533812341504649, 0.949788672865596]
5923	7	20	0.00021	0.13	"(""21:52:26"", ""23:43:13"")"	t-in_voc	t-out	512	8	3	3	transformer	128	0.7358833474218089	[0.9523668639053254, 0.9535080304311073, 0.9523668639053254, 0.9518174133558749, 0.9514792899408284, 0.9519864750633982, 0.9487320371935757]
5924	7	20	0.00022	0.07	"(""21:52:26"", ""23:44:52"")"	t-in_voc	t-out	512	8	3	3	transformer	128	0.7399408284023669	[0.9507607776838546, 0.9540152155536771, 0.9533812341504649, 0.9533389687235841, 0.9531276415891801, 0.9540152155536771, 0.9509298393913779]
5925	7	20	0.00022	0.09	"(""21:52:28"", ""23:44:26"")"	t-in_voc	t-out	512	8	3	3	transformer	128	0.7384192730346576	[0.9509721048182587, 0.9547759932375317, 0.954268808114962, 0.9525781910397295, 0.9535502958579881, 0.9538461538461539, 0.9508030431107354]
5926	7	20	0.00022	0.11	"(""21:52:28"", ""23:45:11"")"	t-in_voc	t-out	512	8	3	3	transformer	128	0.7395181741335588	[0.9521555367709214, 0.9536348267117498, 0.9529585798816568, 0.9520710059171598, 0.9528317836010144, 0.9531699070160609, 0.9513524936601859]
5927	7	20	0.00022	0.13	"(""21:52:26"", ""23:44:18"")"	t-in_voc	t-out	512	8	3	3	transformer	128	0.7395181741335588	[0.9519864750633982, 0.9531699070160609, 0.9531276415891801, 0.9522823330515638, 0.9535502958579881, 0.9537616229923922, 0.9516060862214708]
5928	7	20	0.00022999999999999998	0.07	"(""21:52:26"", ""23:45:05"")"	t-in_voc	t-out	512	8	3	3	transformer	128	0.7324598478444633	[0.950211327134404, 0.9532967032967034, 0.9524936601859679, 0.9523668639053254, 0.9523245984784446, 0.9509298393913779, 0.9478444632290786]
5929	7	20	0.00022999999999999998	0.09	"(""21:52:27"", ""23:43:20"")"	t-in_voc	t-out	512	8	3	3	transformer	128	0.7409551986475064	[0.9520710059171598, 0.9556213017751479, 0.953803888419273, 0.9536770921386306, 0.9543533389687235, 0.9541420118343196, 0.9516060862214708]
5930	7	20	0.00022999999999999998	0.11	"(""21:52:26"", ""23:45:09"")"	t-in_voc	t-out	512	8	3	3	transformer	128	0.7396449704142012	[0.9515215553677092, 0.9546914623837701, 0.9530431107354185, 0.9520710059171598, 0.9535080304311073, 0.9526204564666103, 0.9507607776838546]
5931	7	20	0.00022999999999999998	0.13	"(""21:52:28"", ""23:43:27"")"	t-in_voc	t-out	512	8	3	3	transformer	128	0.73698224852071	[0.9516060862214708, 0.9532544378698224, 0.952916314454776, 0.953803888419273, 0.9543956043956044, 0.9541842772612004, 0.9517751479289941]
5932	7	20	0.00023999999999999998	0.07	"(""23:43:25"", ""01:34:17"")"	t-in_voc	t-out	512	8	3	3	transformer	128	0.7382079459002536	[0.9512679628064243, 0.9548182586644125, 0.9534234995773457, 0.9527895181741336, 0.9530431107354185, 0.9519442096365174, 0.9504226542688081]
5933	7	20	0.00023999999999999998	0.09	"(""23:43:25"", ""01:33:58"")"	t-in_voc	t-out	512	8	3	3	transformer	128	0.737869822485207	[0.9513947590870668, 0.954480135249366, 0.9533812341504649, 0.9523245984784446, 0.9525359256128487, 0.9528317836010144, 0.949788672865596]
5934	7	20	0.00023999999999999998	0.11	"(""23:43:25"", ""01:34:06"")"	t-in_voc	t-out	512	8	3	3	transformer	128	0.7420963651732883	[0.9516060862214708, 0.9545224006762468, 0.9532967032967034, 0.9539729501267963, 0.9542265426880812, 0.95156382079459, 0.9505071851225697]
5935	7	20	0.00023999999999999998	0.13	"(""23:43:55"", ""01:34:56"")"	t-in_voc	t-out	512	8	3	3	transformer	128	0.7387996618765849	[0.9519019442096365, 0.9539729501267963, 0.9535080304311073, 0.9523245984784446, 0.9545224006762468, 0.9531276415891801, 0.9504226542688081]
5936	7	20	0.00025	0.07	"(""23:44:25"", ""01:36:34"")"	t-in_voc	t-out	512	8	3	3	transformer	128	0.7408284023668639	[0.9531276415891801, 0.9537193575655114, 0.9540152155536771, 0.9518596787827557, 0.9528740490278952, 0.9539306846999155, 0.9513102282333051]
5937	7	20	0.00025	0.09	"(""23:44:25"", ""01:36:02"")"	t-in_voc	t-out	512	8	3	3	transformer	128	0.7415891800507185	[0.9538884192730347, 0.9539729501267963, 0.9545646661031276, 0.9533389687235841, 0.9536770921386306, 0.9543110735418427, 0.951141166525782]
5938	7	20	0.00025	0.11	"(""23:44:56"", ""01:36:48"")"	t-in_voc	t-out	512	8	3	3	transformer	128	0.7420963651732883	[0.9526204564666103, 0.9554099746407438, 0.954268808114962, 0.9536348267117498, 0.9540152155536771, 0.9516060862214708, 0.9505917159763314]
5939	7	20	0.00025	0.13	"(""23:45:25"", ""01:38:14"")"	t-in_voc	t-out	512	8	3	3	transformer	128	0.7423499577345731	[0.9524091293322062, 0.9549873203719358, 0.9532544378698224, 0.953592561284869, 0.9531699070160609, 0.9521978021978021, 0.9499577345731192]
5951	7	20	0.0001	0.0	"(""10:44:11"", ""12:33:10"")"	t-in_voc	t-out	512	8	3	3	transformer	128	0.5957734573119189	[0.9251901944209636, 0.9205409974640744, 0.918385460693153, 0.9175401521555367, 0.9172865595942519, 0.9161876584953508, 0.9120456466610313]
5952	7	20	0.00011	0.0	"(""10:44:14"", ""12:32:08"")"	t-in_voc	t-out	512	8	3	3	transformer	128	0.6019442096365173	[0.9271344040574809, 0.9278529163144548, 0.9243026204564666, 0.9189771766694843, 0.9128486897717667, 0.9114116652578191, 0.9123837700760777]
5953	7	20	0.00011999999999999999	0.0	"(""10:44:14"", ""12:34:03"")"	t-in_voc	t-out	512	8	3	3	transformer	128	0.6114539306846999	[0.9293322062552832, 0.9293322062552832, 0.9267540152155537, 0.9218934911242603, 0.9198224852071006, 0.9194843617920541, 0.9137785291631445]
5954	7	20	0.00013000000000000002	0.0	"(""10:44:15"", ""12:32:26"")"	t-in_voc	t-out	512	8	3	3	transformer	128	0.6039306846999155	[0.9224429416737109, 0.9234150464919696, 0.9234995773457312, 0.9232459847844463, 0.9205832628909552, 0.9203296703296703, 0.9149196956889265]
5955	7	20	0.00014	0.0	"(""10:44:18"", ""12:34:11"")"	t-in_voc	t-out	512	8	3	3	transformer	128	0.6027472527472527	[0.9247252747252748, 0.9267962806424345, 0.9245984784446323, 0.9209636517328825, 0.9193998309382925, 0.9166525781910397, 0.9139898562975486]
5956	7	20	0.00015	0.0	"(""10:44:17"", ""12:33:37"")"	t-in_voc	t-out	512	8	3	3	transformer	128	0.6293744716821639	[0.9333474218089602, 0.9325866441251056, 0.9277261200338124, 0.9288250211327135, 0.9278529163144548, 0.9245139475908707, 0.9153000845308538]
5957	7	20	0.00016	0.0	"(""10:44:17"", ""12:34:47"")"	t-in_voc	t-out	512	8	3	3	transformer	128	0.6308537616229923	[0.933389687235841, 0.93385460693153, 0.9287827557058326, 0.929374471682164, 0.9286136939983094, 0.9258241758241759, 0.9180896027049873]
5958	7	20	0.00016999999999999999	0.0	"(""10:44:20"", ""12:33:30"")"	t-in_voc	t-out	512	8	3	3	transformer	128	0.63541842772612	[0.9319103972950127, 0.9305579036348267, 0.9291208791208792, 0.9290363482671175, 0.9284023668639053, 0.9289518174133559, 0.9232459847844463]
5959	7	20	0.00018	0.0	"(""10:44:20"", ""12:34:46"")"	t-in_voc	t-out	512	8	3	3	transformer	128	0.6366441251056636	[0.9373626373626374, 0.9352493660185968, 0.9346576500422654, 0.933389687235841, 0.9280219780219781, 0.9238799661876584, 0.9148351648351648]
5960	7	20	0.00018999999999999998	0.0	"(""10:44:21"", ""12:33:10"")"	t-in_voc	t-out	512	8	3	3	transformer	128	0.6480557903634827	[0.9377007607776838, 0.9330092983939138, 0.9297971259509721, 0.9320371935756551, 0.9330092983939138, 0.9306424344885883, 0.9257396449704142]
5961	7	20	0.0002	0.0	"(""10:44:25"", ""12:34:48"")"	t-in_voc	t-out	512	8	3	3	transformer	128	0.6570583262890956	[0.9386728655959425, 0.9367286559594252, 0.93385460693153, 0.9337700760777684, 0.9365595942519019, 0.9367286559594252, 0.9275993237531699]
5962	7	20	0.00021	0.0	"(""10:44:24"", ""12:33:16"")"	t-in_voc	t-out	512	8	3	3	transformer	128	0.6451394759087067	[0.9379966187658495, 0.935207100591716, 0.9282755705832629, 0.927345731191885, 0.9301775147928995, 0.9294590025359256, 0.9212595097210482]
5963	7	20	0.00022	0.0	"(""12:32:11"", ""14:20:16"")"	t-in_voc	t-out	512	8	3	3	transformer	128	0.6598901098901099	[0.9368554522400676, 0.9382079459002536, 0.9385883347421808, 0.9358410819949281, 0.9334742180896027, 0.9324598478444632, 0.9293322062552832]
5964	7	20	0.00022999999999999998	0.0	"(""12:32:29"", ""14:20:38"")"	t-in_voc	t-out	512	8	3	3	transformer	128	0.6526204564666103	[0.9321217244294168, 0.934319526627219, 0.9355452240067624, 0.9371935756551141, 0.9363482671174979, 0.9352493660185968, 0.9256128486897718]
5965	7	20	0.00023999999999999998	0.0	"(""12:33:12"", ""14:22:30"")"	t-in_voc	t-out	512	8	3	3	transformer	128	0.6657650042265427	[0.9393913778529163, 0.9411242603550296, 0.9368977176669484, 0.9357142857142857, 0.9362214708368555, 0.935883347421809, 0.9317836010143703]
5966	7	20	0.00025	0.0	"(""12:33:13"", ""14:22:07"")"	t-in_voc	t-out	512	8	3	3	transformer	128	0.6693153000845309	[0.9395604395604396, 0.9393913778529163, 0.9389687235841082, 0.9375739644970414, 0.9367286559594252, 0.9360524091293322, 0.9297971259509721]
5967	7	20	0.00026000000000000003	0.0	"(""12:33:19"", ""14:21:41"")"	t-in_voc	t-out	512	8	3	3	transformer	128	0.6679205409974641	[0.9407016060862214, 0.9425612848689772, 0.9367286559594252, 0.9374894336432797, 0.9349112426035503, 0.9328402366863905, 0.9299661876584954]
5968	7	20	0.00027	0.0	"(""12:33:33"", ""14:22:44"")"	t-in_voc	t-out	512	8	3	3	transformer	128	0.6661876584953508	[0.9379543533389687, 0.9397717666948436, 0.9353338968723585, 0.9346576500422654, 0.9371935756551141, 0.9362214708368555, 0.93072696534235]
5969	7	20	0.00028	0.0	"(""12:33:40"", ""14:22:51"")"	t-in_voc	t-out	512	8	3	3	transformer	128	0.6765004226542688	[0.9385038038884193, 0.9405325443786983, 0.9394336432797972, 0.9401944209636517, 0.9388841927303466, 0.9361792054099747, 0.9342772612003382]
5970	7	20	0.00029	0.0	"(""12:34:06"", ""14:23:32"")"	t-in_voc	t-out	512	8	3	3	transformer	128	0.6759509721048182	[0.939010989010989, 0.9423076923076923, 0.9397295012679628, 0.9395604395604396, 0.9382079459002536, 0.9367286559594252, 0.9310228233305157]
5971	7	20	0.0003	0.0	"(""12:34:14"", ""14:24:20"")"	t-in_voc	t-out	512	8	3	3	transformer	128	0.6545646661031277	[0.9378698224852071, 0.9377007607776838, 0.9344463229078613, 0.9332206255283179, 0.9330092983939138, 0.930938292476754, 0.9240067624683009]
5982	7	20	0.00026000000000000003	0.05	"(""14:35:41"", ""16:28:11"")"	t-in_voc	t-out	512	8	3	3	transformer	128	0.7253169907016059	[0.9495773457311919, 0.95156382079459, 0.9502535925612848, 0.9498309382924768, 0.9501267962806424, 0.9505071851225697, 0.947295012679628]
5983	7	20	0.00026000000000000003	0.1	"(""14:35:44"", ""16:26:07"")"	t-in_voc	t-out	512	8	3	3	transformer	128	0.7377007607776839	[0.951098901098901, 0.9533389687235841, 0.9525781910397295, 0.9518174133558749, 0.9520710059171598, 0.9540997464074387, 0.9510566356720203]
5984	7	20	0.00026000000000000003	0.15	"(""14:35:45"", ""16:27:56"")"	t-in_voc	t-out	512	8	3	3	transformer	128	0.7407016060862215	[0.9532121724429417, 0.9546069315300084, 0.9539306846999155, 0.9539306846999155, 0.9525359256128487, 0.9533389687235841, 0.9505917159763314]
5985	7	20	0.00026000000000000003	0.2	"(""14:35:44"", ""16:26:35"")"	t-in_voc	t-out	512	8	3	3	transformer	128	0.7233305156382079	[0.9496618765849535, 0.9516483516483516, 0.9499154691462384, 0.9497041420118343, 0.9500422654268809, 0.9502958579881656, 0.9474640743871513]
5986	7	20	0.00026000000000000003	0.3	"(""14:35:47"", ""16:28:06"")"	t-in_voc	t-out	512	8	3	3	transformer	128	0.6850803043110736	[0.939687235841082, 0.9420963651732882, 0.9401098901098901, 0.9391377852916315, 0.9424767540152156, 0.942814877430262, 0.9396027049873203]
5987	7	20	0.00026000000000000003	0.4	"(""14:35:48"", ""16:27:41"")"	t-in_voc	t-out	512	8	3	3	transformer	128	0.5983093829247675	[0.9230346576500422, 0.9210059171597633, 0.9208791208791208, 0.9211749788672866, 0.9221048182586644, 0.9203719357565512, 0.9162721893491125]
5988	7	20	0.00026000000000000003	0.5	"(""14:35:47"", ""16:27:49"")"	t-in_voc	t-out	512	8	3	3	transformer	128	0.4297548605240913	[0.8752747252747253, 0.8759932375316991, 0.8756128486897717, 0.872865595942519, 0.874218089602705, 0.8743448858833475, 0.8677514792899408]
5989	7	20	0.00027	0.05	"(""14:35:50"", ""16:27:29"")"	t-in_voc	t-out	512	8	3	3	transformer	128	0.7231191885038039	[0.9477176669484362, 0.9500422654268809, 0.9500422654268809, 0.9488165680473373, 0.9503381234150465, 0.9502958579881656, 0.9462383770076078]
5990	7	20	0.00027	0.1	"(""14:35:50"", ""16:28:21"")"	t-in_voc	t-out	512	8	3	3	transformer	128	0.7361369399830938	[0.9516906170752325, 0.9532544378698224, 0.9534234995773457, 0.9529585798816568, 0.9521132713440406, 0.9521555367709214, 0.9491969568892645]
5991	7	20	0.00027	0.15	"(""14:35:51"", ""16:26:52"")"	t-in_voc	t-out	512	8	3	3	transformer	128	0.7446322907861369	[0.9525359256128487, 0.9560439560439561, 0.9540997464074387, 0.9546491969568892, 0.9548605240912933, 0.954480135249366, 0.9511834319526628]
5992	7	20	0.00027	0.2	"(""14:35:53"", ""16:28:24"")"	t-in_voc	t-out	512	8	3	3	transformer	128	0.7256973795435334	[0.9476331360946746, 0.9506339814032122, 0.9502535925612848, 0.9500422654268809, 0.9507607776838546, 0.9509721048182587, 0.9480135249366018]
5994	7	20	0.00027	0.4	"(""15:28:04"", ""17:19:01"")"	t-in_voc	t-out	512	8	3	3	transformer	128	0.6032544378698225	[0.9233305156382079, 0.9233305156382079, 0.9224006762468301, 0.9208791208791208, 0.9229078613693998, 0.9230769230769231, 0.9191039729501268]
5995	7	20	0.00027	0.5	"(""16:26:11"", ""18:16:14"")"	t-in_voc	t-out	512	8	3	3	transformer	128	0.4496618765849535	[0.8760777683854607, 0.8795012679628065, 0.8784023668639053, 0.8787404902789518, 0.8804311073541843, 0.8804733727810651, 0.8747252747252747]
5996	7	20	0.00028	0.05	"(""16:26:39"", ""18:17:10"")"	t-in_voc	t-out	512	8	3	3	transformer	128	0.7248520710059172	[0.9491546914623837, 0.9511834319526628, 0.9494928148774303, 0.9495350803043111, 0.9517751479289941, 0.9505071851225697, 0.945519864750634]
5997	7	20	0.00028	0.1	"(""16:26:55"", ""18:17:44"")"	t-in_voc	t-out	512	8	3	3	transformer	128	0.7435756551141166	[0.9513524936601859, 0.9548182586644125, 0.953592561284869, 0.9534234995773457, 0.9547759932375317, 0.9553254437869823, 0.952451394759087]
5998	7	20	0.00028	0.15	"(""16:27:32"", ""18:19:04"")"	t-in_voc	t-out	512	8	3	3	transformer	128	0.7421808960270498	[0.9527049873203719, 0.9545224006762468, 0.9532544378698224, 0.9537616229923922, 0.9547337278106509, 0.9545646661031276, 0.9510143702451395]
5999	7	20	0.00028	0.2	"(""16:27:44"", ""18:19:30"")"	t-in_voc	t-out	512	8	3	3	transformer	128	0.7203719357565511	[0.9483939137785292, 0.9507607776838546, 0.9485629754860524, 0.9487320371935757, 0.9505917159763314, 0.9498732037193576, 0.9472527472527472]
6000	7	20	0.00028	0.3	"(""16:27:52"", ""18:20:17"")"	t-in_voc	t-out	512	8	3	3	transformer	128	0.682079459002536	[0.9399408284023668, 0.942603550295858, 0.9396449704142011, 0.9397295012679628, 0.9404902789518174, 0.9408284023668639, 0.939475908706678]
6001	7	20	0.00028	0.4	"(""16:27:59"", ""18:19:49"")"	t-in_voc	t-out	512	8	3	3	transformer	128	0.6065511411665258	[0.9248520710059172, 0.9224006762468301, 0.9212172442941674, 0.9222316145393068, 0.9237109044801353, 0.922865595942519, 0.9180896027049873]
6002	7	20	0.00028	0.5	"(""16:28:10"", ""18:20:19"")"	t-in_voc	t-out	512	8	3	3	transformer	128	0.4556635672020287	[0.884065934065934, 0.8834319526627219, 0.8798393913778529, 0.8794590025359256, 0.881614539306847, 0.8815722738799662, 0.8755283178360102]
6003	7	20	0.00029	0.05	"(""16:28:15"", ""18:20:37"")"	t-in_voc	t-out	512	8	3	3	transformer	128	0.7153846153846154	[0.9471682163989856, 0.9488165680473373, 0.9471682163989856, 0.9489010989010989, 0.9498309382924768, 0.9491124260355029, 0.9451394759087067]
6004	7	20	0.00029	0.1	"(""16:28:24"", ""18:20:44"")"	t-in_voc	t-out	512	8	3	3	transformer	128	0.7368977176669484	[0.950211327134404, 0.9536348267117498, 0.952916314454776, 0.9527472527472527, 0.9532967032967034, 0.9532121724429417, 0.9494928148774303]
6005	7	20	0.00029	0.15	"(""16:28:27"", ""18:20:57"")"	t-in_voc	t-out	512	8	3	3	transformer	128	0.7415891800507185	[0.9512679628064243, 0.954945054945055, 0.9549027895181741, 0.9534234995773457, 0.9541420118343196, 0.9537616229923922, 0.9501267962806424]
6006	7	20	0.00029	0.2	"(""17:19:03"", ""19:10:02"")"	t-in_voc	t-out	512	8	3	3	transformer	128	0.7295012679628065	[0.95, 0.9519442096365174, 0.951098901098901, 0.9508030431107354, 0.9513947590870668, 0.9517751479289941, 0.9491124260355029]
6007	7	20	0.00029	0.3	"(""18:16:17"", ""20:06:40"")"	t-in_voc	t-out	512	8	3	3	transformer	128	0.6825866441251056	[0.939687235841082, 0.9412087912087912, 0.9407438715131022, 0.9407861369399831, 0.9413355874894337, 0.941715976331361, 0.9389687235841082]
6008	7	20	0.00029	0.4	"(""18:17:13"", ""20:07:43"")"	t-in_voc	t-out	512	8	3	3	transformer	128	0.6050295857988166	[0.9233727810650888, 0.9237109044801353, 0.9224429416737109, 0.9226965342349958, 0.9218512256973795, 0.9234995773457312, 0.9196534234995773]
6009	7	20	0.00029	0.5	"(""18:17:47"", ""20:08:17"")"	t-in_voc	t-out	512	8	3	3	transformer	128	0.4577345731191885	[0.8787404902789518, 0.8832628909551986, 0.8813609467455621, 0.8814454775993238, 0.8825443786982249, 0.8826711749788673, 0.8741758241758242]
6010	7	20	0.0003	0.05	"(""18:19:07"", ""20:10:44"")"	t-in_voc	t-out	512	8	3	3	transformer	128	0.7273879966187659	[0.949788672865596, 0.9531276415891801, 0.9525781910397295, 0.95156382079459, 0.9500845308537617, 0.9501690617075232, 0.9475063398140321]
6011	7	20	0.0003	0.1	"(""18:19:33"", ""20:10:59"")"	t-in_voc	t-out	512	8	3	3	transformer	128	0.7384615384615385	[0.9527472527472527, 0.9527895181741336, 0.952028740490279, 0.9520710059171598, 0.9522823330515638, 0.9536770921386306, 0.9495350803043111]
6012	7	20	0.0003	0.15	"(""18:19:52"", ""20:11:37"")"	t-in_voc	t-out	512	8	3	3	transformer	128	0.7396027049873204	[0.9527472527472527, 0.955156382079459, 0.9530431107354185, 0.9526627218934911, 0.9525781910397295, 0.9526204564666103, 0.9503381234150465]
6013	7	20	0.0003	0.2	"(""18:20:20"", ""20:13:13"")"	t-in_voc	t-out	512	8	3	3	transformer	128	0.7290786136939983	[0.9499154691462384, 0.9516906170752325, 0.9507185122569738, 0.9508453085376163, 0.950676246830093, 0.9509298393913779, 0.9492392223161454]
6014	7	20	0.0003	0.3	"(""18:20:22"", ""20:12:27"")"	t-in_voc	t-out	512	8	3	3	transformer	128	0.6863482671174979	[0.9418005071851225, 0.9423922231614539, 0.9403212172442942, 0.9404902789518174, 0.9415891800507186, 0.941715976331361, 0.9388841927303466]
6015	7	20	0.0003	0.4	"(""18:20:39"", ""20:12:23"")"	t-in_voc	t-out	512	8	3	3	transformer	128	0.5993660185967878	[0.9215553677092139, 0.9227810650887573, 0.9201183431952663, 0.9204987320371936, 0.9209636517328825, 0.9219357565511411, 0.9186390532544378]
6016	7	20	0.0003	0.5	"(""18:20:47"", ""20:12:41"")"	t-in_voc	t-out	512	8	3	3	transformer	128	0.4525359256128487	[0.8816990701606087, 0.8803043110735418, 0.8800929839391378, 0.8801352493660186, 0.8816568047337278, 0.8815300084530854, 0.8757396449704142]
6027	7	20	0.00021	0.15	"(""19:50:39"", ""21:43:43"")"	t-in_voc	t-out	512	8	3	3	transformer	128	0.7374894336432798	[0.9505071851225697, 0.9538884192730347, 0.9535502958579881, 0.9528740490278952, 0.9533389687235841, 0.9527049873203719, 0.950676246830093]
6028	7	20	0.00021	0.17	"(""19:50:42"", ""21:42:03"")"	t-in_voc	t-out	512	8	3	3	transformer	128	0.725781910397295	[0.9501690617075232, 0.951098901098901, 0.9496618765849535, 0.9509721048182587, 0.9512679628064243, 0.9505494505494505, 0.9481403212172443]
6029	7	20	0.00022	0.15	"(""20:06:42"", ""21:57:00"")"	t-in_voc	t-out	512	8	3	3	transformer	128	0.7349957734573119	[0.9508453085376163, 0.9530008453085376, 0.9516906170752325, 0.952451394759087, 0.9527049873203719, 0.9521555367709214, 0.9507607776838546]
6030	7	20	0.00022	0.17	"(""20:07:46"", ""21:58:30"")"	t-in_voc	t-out	512	8	3	3	transformer	128	0.7322062552831784	[0.9504649196956889, 0.952916314454776, 0.9515215553677092, 0.9513524936601859, 0.9516060862214708, 0.9511834319526628, 0.9478867286559595]
6031	7	20	0.00022999999999999998	0.15	"(""20:08:20"", ""21:59:23"")"	t-in_voc	t-out	512	8	3	3	transformer	128	0.7393068469991547	[0.9526627218934911, 0.9552831783601015, 0.9527049873203719, 0.9530853761622993, 0.9530853761622993, 0.953592561284869, 0.9503381234150465]
6032	7	20	0.00022999999999999998	0.17	"(""20:10:47"", ""22:02:37"")"	t-in_voc	t-out	512	8	3	3	transformer	128	0.7319103972950127	[0.9497464074387151, 0.9518596787827557, 0.9509721048182587, 0.952028740490279, 0.9522823330515638, 0.9518596787827557, 0.9488165680473373]
6033	7	20	0.00023999999999999998	0.15	"(""20:11:02"", ""22:02:40"")"	t-in_voc	t-out	512	8	3	3	transformer	128	0.7333474218089603	[0.9506339814032122, 0.9532544378698224, 0.9521978021978021, 0.9520710059171598, 0.9523668639053254, 0.9519864750633982, 0.951098901098901]
6034	7	20	0.00023999999999999998	0.17	"(""20:11:40"", ""22:03:35"")"	t-in_voc	t-out	512	8	3	3	transformer	128	0.7382079459002536	[0.9522823330515638, 0.9539729501267963, 0.9527895181741336, 0.9521978021978021, 0.9526204564666103, 0.9525359256128487, 0.9502958579881656]
6035	7	20	0.00025	0.15	"(""20:12:26"", ""22:04:57"")"	t-in_voc	t-out	512	8	3	3	transformer	128	0.7379120879120881	[0.9510566356720203, 0.9534657650042265, 0.9521978021978021, 0.952240067624683, 0.9537193575655114, 0.9543110735418427, 0.9509298393913779]
6036	7	20	0.00025	0.17	"(""20:12:29"", ""22:05:12"")"	t-in_voc	t-out	512	8	3	3	transformer	128	0.7327134404057482	[0.9512679628064243, 0.9519019442096365, 0.951098901098901, 0.9516906170752325, 0.9529585798816568, 0.9525359256128487, 0.9511834319526628]
6043	7	20	0.00026000000000000003	0.13	"(""22:10:43"", ""00:03:04"")"	t-in_voc	t-out	512	8	3	3	transformer	128	0.7408706677937447	[0.9523245984784446, 0.9552409129332207, 0.9543956043956044, 0.9539306846999155, 0.9535080304311073, 0.9532544378698224, 0.9509721048182587]
6044	7	20	0.00026000000000000003	0.17	"(""22:10:46"", ""00:00:59"")"	t-in_voc	t-out	512	8	3	3	transformer	128	0.7311073541842773	[0.9518174133558749, 0.9535502958579881, 0.9509298393913779, 0.9508453085376163, 0.9517751479289941, 0.952451394759087, 0.9489433643279798]
6045	7	20	0.00027	0.13	"(""22:10:46"", ""00:03:10"")"	t-in_voc	t-out	512	8	3	3	transformer	128	0.7381656804733728	[0.9526204564666103, 0.953592561284869, 0.9527472527472527, 0.951098901098901, 0.9515215553677092, 0.9523245984784446, 0.9509721048182587]
6046	7	20	0.00027	0.17	"(""22:10:47"", ""00:01:47"")"	t-in_voc	t-out	512	8	3	3	transformer	128	0.7350803043110735	[0.9507185122569738, 0.9532544378698224, 0.9508030431107354, 0.9512256973795435, 0.9527049873203719, 0.9523668639053254, 0.9507185122569738]
6047	7	20	0.00028	0.13	"(""22:10:49"", ""00:03:27"")"	t-in_voc	t-out	512	8	3	3	transformer	128	0.7371513102282333	[0.9498732037193576, 0.9545646661031276, 0.9531699070160609, 0.9530431107354185, 0.9542265426880812, 0.9540574809805579, 0.9505917159763314]
6048	7	20	0.00028	0.17	"(""22:10:50"", ""00:02:47"")"	t-in_voc	t-out	512	8	3	3	transformer	128	0.7308960270498732	[0.9513524936601859, 0.9532967032967034, 0.9521555367709214, 0.9510143702451395, 0.9509721048182587, 0.952240067624683, 0.9492814877430262]
6049	7	20	0.00029	0.13	"(""22:10:50"", ""00:04:00"")"	t-in_voc	t-out	512	8	3	3	transformer	128	0.7416737109044801	[0.9521978021978021, 0.9531699070160609, 0.9520710059171598, 0.952916314454776, 0.9540574809805579, 0.9535502958579881, 0.9508030431107354]
6050	7	20	0.00029	0.17	"(""22:10:52"", ""00:02:45"")"	t-in_voc	t-out	512	8	3	3	transformer	128	0.7362214708368554	[0.9519019442096365, 0.9533812341504649, 0.9513102282333051, 0.95156382079459, 0.9521132713440406, 0.9513524936601859, 0.9505494505494505]
6052	7	20	0.0003	0.13	"(""22:10:53"", ""00:03:19"")"	t-in_voc	t-out	512	8	3	3	transformer	128	0.7366441251056636	[0.9513102282333051, 0.9536348267117498, 0.9526627218934911, 0.9533812341504649, 0.9530008453085376, 0.951141166525782, 0.9502535925612848]
6053	7	20	0.0003	0.17	"(""22:10:53"", ""00:01:39"")"	t-in_voc	t-out	512	8	3	3	transformer	128	0.7346153846153847	[0.95156382079459, 0.9534234995773457, 0.9523668639053254, 0.9519442096365174, 0.9514370245139476, 0.9517751479289941, 0.9492392223161454]
6067	7	20	0.00022999999999999998	0.14	"(""09:44:13"", ""11:36:18"")"	t-in_voc	t-out	512	8	3	3	transformer	128	0.7350803043110735	[0.9505071851225697, 0.9536770921386306, 0.9532544378698224, 0.9519864750633982, 0.9523245984784446, 0.9519019442096365, 0.9510143702451395]
6068	7	20	0.00022999999999999998	0.16	"(""09:44:16"", ""11:34:22"")"	t-in_voc	t-out	512	8	3	3	transformer	128	0.7389687235841081	[0.9516483516483516, 0.9532544378698224, 0.952916314454776, 0.9529585798816568, 0.9533812341504649, 0.9544378698224852, 0.9507185122569738]
6069	7	20	0.00023999999999999998	0.14	"(""09:44:17"", ""11:36:32"")"	t-in_voc	t-out	512	8	3	3	transformer	128	0.7431530008453086	[0.951098901098901, 0.955156382079459, 0.953803888419273, 0.9526627218934911, 0.9557480980557904, 0.9544378698224852, 0.9502958579881656]
6070	7	20	0.00023999999999999998	0.16	"(""09:44:16"", ""11:34:52"")"	t-in_voc	t-out	512	8	3	3	transformer	128	0.7303888419273035	[0.9504226542688081, 0.9520710059171598, 0.9518174133558749, 0.9505494505494505, 0.9508030431107354, 0.9509298393913779, 0.9476331360946746]
6071	7	20	0.00025	0.14	"(""09:44:20"", ""11:36:27"")"	t-in_voc	t-out	512	8	3	3	transformer	128	0.7328402366863905	[0.9505071851225697, 0.9534234995773457, 0.9515215553677092, 0.9515215553677092, 0.9516483516483516, 0.952028740490279, 0.9476754015215554]
6072	7	20	0.00025	0.16	"(""09:44:19"", ""11:35:48"")"	t-in_voc	t-out	512	8	3	3	transformer	128	0.7286136939983093	[0.9506339814032122, 0.952451394759087, 0.9519019442096365, 0.9509721048182587, 0.952028740490279, 0.9517751479289941, 0.9495350803043111]
6073	7	20	0.00026000000000000003	0.14	"(""09:44:19"", ""11:37:11"")"	t-in_voc	t-out	512	8	3	3	transformer	128	0.7424767540152155	[0.9518174133558749, 0.954268808114962, 0.9537193575655114, 0.9539729501267963, 0.9546069315300084, 0.9530008453085376, 0.9512679628064243]
6074	7	20	0.00026000000000000003	0.16	"(""09:44:22"", ""11:36:20"")"	t-in_voc	t-out	512	8	3	3	transformer	128	0.7379120879120881	[0.9522823330515638, 0.9548605240912933, 0.9536348267117498, 0.9527049873203719, 0.9539306846999155, 0.952916314454776, 0.9500845308537617]
6075	7	20	0.00027	0.14	"(""09:44:22"", ""11:36:45"")"	t-in_voc	t-out	512	8	3	3	transformer	128	0.7380388841927303	[0.9526204564666103, 0.9540997464074387, 0.9536770921386306, 0.9533812341504649, 0.9526627218934911, 0.9532967032967034, 0.9501267962806424]
6076	7	20	0.00027	0.16	"(""09:44:23"", ""11:35:35"")"	t-in_voc	t-out	512	8	3	3	transformer	128	0.7342772612003381	[0.9513524936601859, 0.9531699070160609, 0.9520710059171598, 0.9513102282333051, 0.9518174133558749, 0.9519442096365174, 0.9500422654268809]
6077	7	20	0.00028	0.14	"(""09:44:24"", ""11:37:33"")"	t-in_voc	t-out	512	8	3	3	transformer	128	0.7430262045646661	[0.9532121724429417, 0.9567624683009298, 0.9545646661031276, 0.9535502958579881, 0.9543533389687235, 0.955367709213863, 0.95156382079459]
6182	7	20	0.00028	0.14	"(""10:08:55"", ""12:02:06"")"	t-in_voc	t-out	512	8	3	3	transformer	128	0.7430262045646661	[0.9532121724429417, 0.9567624683009298, 0.9545646661031276, 0.9535502958579881, 0.9543533389687235, 0.955367709213863, 0.95156382079459]
6078	7	20	0.00028	0.16	"(""09:44:26"", ""11:35:43"")"	t-in_voc	t-out	512	8	3	3	transformer	128	0.7381656804733728	[0.9520710059171598, 0.9537616229923922, 0.9530853761622993, 0.952240067624683, 0.9528317836010144, 0.9527472527472527, 0.9502535925612848]
6079	7	20	0.00029	0.14	"(""11:34:25"", ""13:24:45"")"	t-in_voc	t-out	512	8	3	3	transformer	128	0.7413778529163144	[0.9517751479289941, 0.9537616229923922, 0.9533389687235841, 0.9546914623837701, 0.954945054945055, 0.9546491969568892, 0.9510143702451395]
6080	7	20	0.00029	0.16	"(""11:34:55"", ""13:25:29"")"	t-in_voc	t-out	512	8	3	3	transformer	128	0.7358410819949281	[0.9517751479289941, 0.9539306846999155, 0.9516483516483516, 0.9520710059171598, 0.952240067624683, 0.9530431107354185, 0.9501267962806424]
6094	7	20	0.00032	0.0	"(""17:34:05"", ""19:24:46"")"	t-in_voc	t-out	512	8	3	3	transformer	128	0.6626796280642434	[0.939010989010989, 0.9379966187658495, 0.9360524091293322, 0.9338968723584108, 0.9324598478444632, 0.9336432797971259, 0.931149619611158]
6095	7	20	0.00032	0.1	"(""17:34:06"", ""19:24:42"")"	t-in_voc	t-out	512	8	3	3	transformer	128	0.7356297548605241	[0.9524091293322062, 0.9532967032967034, 0.95156382079459, 0.9514370245139476, 0.952451394759087, 0.9517751479289941, 0.9515215553677092]
6096	7	20	0.00032	0.15	"(""17:34:08"", ""19:26:08"")"	t-in_voc	t-out	512	8	3	3	transformer	128	0.7353338968723584	[0.9500845308537617, 0.9514792899408284, 0.9525781910397295, 0.953592561284869, 0.9539306846999155, 0.9523245984784446, 0.9505071851225697]
6097	7	20	0.00032	0.2	"(""17:34:09"", ""19:24:47"")"	t-in_voc	t-out	512	8	3	3	transformer	128	0.7273879966187659	[0.9487743026204565, 0.9521555367709214, 0.9518596787827557, 0.951098901098901, 0.9503381234150465, 0.9507185122569738, 0.9487320371935757]
6098	7	20	0.00032	0.3	"(""17:34:11"", ""19:26:45"")"	t-in_voc	t-out	512	8	3	3	transformer	128	0.6900676246830093	[0.9409974640743871, 0.9437869822485208, 0.9420540997464074, 0.9418850380388842, 0.9424344885883348, 0.9424767540152156, 0.9409551986475063]
6099	7	20	0.00032	0.4	"(""17:34:12"", ""19:25:31"")"	t-in_voc	t-out	512	8	3	3	transformer	128	0.5908706677937448	[0.9202028740490279, 0.9207100591715977, 0.9187235841081995, 0.918174133558749, 0.9191039729501268, 0.9208791208791208, 0.9157227387996619]
6100	7	20	0.00032	0.5	"(""17:34:11"", ""19:26:51"")"	t-in_voc	t-out	512	8	3	3	transformer	128	0.4621301775147929	[0.8835587489433643, 0.8838546069315301, 0.8812764158918005, 0.8817413355874895, 0.8825021132713441, 0.8830092983939137, 0.8754015215553677]
6101	7	20	0.00033999999999999997	0.0	"(""17:34:14"", ""19:23:29"")"	t-in_voc	t-out	512	8	3	3	transformer	128	0.6454775993237531	[0.9391377852916315, 0.9395181741335588, 0.9355874894336432, 0.9344885883347421, 0.9324175824175824, 0.9287404902789518, 0.9119188503803889]
6102	7	20	0.00033999999999999997	0.1	"(""17:34:15"", ""19:27:03"")"	t-in_voc	t-out	512	8	3	3	transformer	128	0.7382079459002536	[0.9516906170752325, 0.9548605240912933, 0.9524091293322062, 0.9519864750633982, 0.952916314454776, 0.9535502958579881, 0.9506339814032122]
6103	7	20	0.00033999999999999997	0.15	"(""17:34:14"", ""19:25:13"")"	t-in_voc	t-out	512	8	3	3	transformer	128	0.7376162299239223	[0.9523668639053254, 0.9528740490278952, 0.952240067624683, 0.952451394759087, 0.9534234995773457, 0.9533389687235841, 0.9509298393913779]
6104	7	20	0.00033999999999999997	0.2	"(""17:34:16"", ""19:27:07"")"	t-in_voc	t-out	512	8	3	3	transformer	128	0.7295857988165679	[0.9491124260355029, 0.9519019442096365, 0.950211327134404, 0.9517328825021133, 0.9510143702451395, 0.9516060862214708, 0.9501690617075232]
6105	7	20	0.00033999999999999997	0.3	"(""17:34:17"", ""19:25:32"")"	t-in_voc	t-out	512	8	3	3	transformer	128	0.6931530008453085	[0.941251056635672, 0.9437447168216399, 0.9432375316990702, 0.9414201183431953, 0.9427303465765005, 0.9449281487743026, 0.9414623837700761]
6106	7	20	0.00033999999999999997	0.4	"(""19:23:32"", ""21:15:07"")"	t-in_voc	t-out	512	8	3	3	transformer	128	0.603381234150465	[0.921978021978022, 0.9213863060016906, 0.9215553677092139, 0.9206255283178361, 0.9220625528317836, 0.9213863060016906, 0.9163989856297549]
6107	7	20	0.00033999999999999997	0.5	"(""19:24:45"", ""21:14:33"")"	t-in_voc	t-out	512	8	3	3	transformer	128	0.4442941673710905	[0.8740067624683009, 0.8803465765004227, 0.8780642434488588, 0.8776415891800508, 0.8804311073541843, 0.8786559594251901, 0.8743026204564666]
6108	7	20	0.00036	0.0	"(""19:24:49"", ""21:14:20"")"	t-in_voc	t-out	512	8	3	3	transformer	128	0.6649619611158073	[0.9377430262045646, 0.9400676246830093, 0.9378698224852071, 0.937658495350803, 0.9356720202874049, 0.9349957734573119, 0.9304733727810651]
6109	7	20	0.00036	0.1	"(""19:24:50"", ""21:15:30"")"	t-in_voc	t-out	512	8	3	3	transformer	128	0.7341081994928149	[0.9516906170752325, 0.9535080304311073, 0.95156382079459, 0.9518596787827557, 0.9521132713440406, 0.9521978021978021, 0.9485207100591716]
6110	7	20	0.00036	0.15	"(""19:25:16"", ""21:16:10"")"	t-in_voc	t-out	512	8	3	3	transformer	128	0.7366018596787828	[0.9510566356720203, 0.9526627218934911, 0.9513524936601859, 0.9517328825021133, 0.9523668639053254, 0.9525359256128487, 0.9512256973795435]
6111	7	20	0.00036	0.2	"(""19:25:34"", ""21:16:38"")"	t-in_voc	t-out	512	8	3	3	transformer	128	0.7278951817413356	[0.9482248520710059, 0.9514370245139476, 0.9512256973795435, 0.9500845308537617, 0.9514370245139476, 0.952028740490279, 0.9483093829247675]
6112	7	20	0.00036	0.3	"(""19:25:35"", ""21:16:29"")"	t-in_voc	t-out	512	8	3	3	transformer	128	0.6967455621301775	[0.9435756551141167, 0.9461961115807269, 0.9442096365173288, 0.9427303465765005, 0.9438715131022823, 0.9418850380388842, 0.9401944209636517]
6113	7	20	0.00036	0.4	"(""19:26:11"", ""21:17:43"")"	t-in_voc	t-out	512	8	3	3	transformer	128	0.6031276415891801	[0.9210904480135249, 0.9232459847844463, 0.9214708368554523, 0.9213863060016906, 0.9232882502113271, 0.9220202874049028, 0.9183431952662722]
6114	7	20	0.00036	0.5	"(""19:26:54"", ""21:19:07"")"	t-in_voc	t-out	512	8	3	3	transformer	128	0.4464497041420119	[0.8755283178360102, 0.8815722738799662, 0.8790786136939983, 0.8795012679628065, 0.8792054099746407, 0.8796703296703297, 0.8731191885038039]
6126	7	20	0.00037999999999999997	0.0	"(""22:42:44"", ""00:33:07"")"	t-in_voc	t-out	512	8	3	3	transformer	128	0.6581149619611159	[0.9412933220625528, 0.9398140321217244, 0.9357565511411665, 0.9327134404057481, 0.9337700760777684, 0.9350380388841927, 0.9290363482671175]
6127	7	20	0.00037999999999999997	0.1	"(""22:42:47"", ""00:33:11"")"	t-in_voc	t-out	512	8	3	3	transformer	128	0.7346999154691463	[0.9508453085376163, 0.9545646661031276, 0.9511834319526628, 0.9523668639053254, 0.9517328825021133, 0.951141166525782, 0.9492392223161454]
6128	7	20	0.00037999999999999997	0.15	"(""22:42:47"", ""00:35:01"")"	t-in_voc	t-out	512	8	3	3	transformer	128	0.7306846999154691	[0.9504226542688081, 0.9540997464074387, 0.9518174133558749, 0.9512256973795435, 0.952240067624683, 0.9516060862214708, 0.9488588334742181]
6129	7	20	0.00037999999999999997	0.2	"(""22:42:48"", ""00:33:49"")"	t-in_voc	t-out	512	8	3	3	transformer	128	0.7298393913778529	[0.9488588334742181, 0.9526627218934911, 0.9508030431107354, 0.9508030431107354, 0.9517751479289941, 0.9507607776838546, 0.9478867286559595]
6130	7	20	0.00037999999999999997	0.3	"(""22:42:51"", ""00:34:51"")"	t-in_voc	t-out	512	8	3	3	transformer	128	0.6875316990701607	[0.9412087912087912, 0.9427726120033812, 0.9420118343195266, 0.9427303465765005, 0.9422654268808115, 0.9431952662721893, 0.9401944209636517]
6131	7	20	0.00037999999999999997	0.4	"(""22:42:50"", ""00:33:53"")"	t-in_voc	t-out	512	8	3	3	transformer	128	0.6008875739644971	[0.9222316145393068, 0.9207523245984784, 0.9187235841081995, 0.9205832628909552, 0.9221470836855452, 0.9214708368554523, 0.9183009298393914]
6132	7	20	0.00037999999999999997	0.5	"(""22:42:50"", ""00:35:31"")"	t-in_voc	t-out	512	8	3	3	transformer	128	0.4398562975486052	[0.8756551141166525, 0.8792054099746407, 0.8763736263736264, 0.874218089602705, 0.8762890955198648, 0.8763736263736264, 0.8705832628909552]
6133	7	20	0.0004	0.0	"(""22:42:53"", ""00:32:01"")"	t-in_voc	t-out	512	8	3	3	transformer	128	0.6486897717666948	[0.9398140321217244, 0.9404902789518174, 0.9371090448013525, 0.9322062552831784, 0.9283178360101437, 0.927345731191885, 0.925993237531699]
6134	7	20	0.0004	0.1	"(""22:42:53"", ""00:35:11"")"	t-in_voc	t-out	512	8	3	3	transformer	128	0.7344885883347422	[0.9508453085376163, 0.9530008453085376, 0.9521555367709214, 0.9513947590870668, 0.9526204564666103, 0.9510566356720203, 0.9489433643279798]
6135	7	20	0.0004	0.15	"(""22:42:54"", ""00:33:52"")"	t-in_voc	t-out	512	8	3	3	transformer	128	0.7306001690617075	[0.9490701606086221, 0.95156382079459, 0.9500422654268809, 0.9491546914623837, 0.9494928148774303, 0.949788672865596, 0.9486897717666949]
6136	7	20	0.0004	0.2	"(""22:42:57"", ""00:35:26"")"	t-in_voc	t-out	512	8	3	3	transformer	128	0.7330092983939138	[0.95, 0.9516060862214708, 0.9512679628064243, 0.951141166525782, 0.9524936601859679, 0.9516906170752325, 0.9506339814032122]
6137	7	20	0.0004	0.3	"(""22:42:56"", ""00:33:59"")"	t-in_voc	t-out	512	8	3	3	transformer	128	0.6808537616229924	[0.9396449704142011, 0.941251056635672, 0.9402366863905326, 0.9393491124260355, 0.940363482671175, 0.9404480135249366, 0.93541842772612]
6138	7	20	0.0004	0.4	"(""00:32:05"", ""02:23:39"")"	t-in_voc	t-out	512	8	3	3	transformer	128	0.5950549450549449	[0.9206255283178361, 0.9207523245984784, 0.9193153000845309, 0.919526627218935, 0.9206255283178361, 0.9207100591715977, 0.917032967032967]
6139	7	20	0.0004	0.5	"(""00:33:09"", ""02:23:39"")"	t-in_voc	t-out	512	8	3	3	transformer	128	0.4424767540152156	[0.8759932375316991, 0.8792899408284024, 0.876246830092984, 0.877134404057481, 0.8769230769230769, 0.8776838546069315, 0.8701183431952663]
6176	1	20	0.00028	0.14	"(""10:08:49"", ""10:51:47"")"	t-in_voc	t-out	512	8	3	3	transformer	128	0.9297119599248592	[0.9297119599248591]
6177	2	20	0.00028	0.14	"(""10:08:52"", ""11:15:25"")"	t-in_voc	t-out	512	8	3	3	transformer	128	0.8947047934528449	[0.9454160171473109, 0.9439058846453624]
6178	3	20	0.00028	0.14	"(""10:08:53"", ""11:33:58"")"	t-in_voc	t-out	512	8	3	3	transformer	128	0.8641414681055668	[0.9503419168714606, 0.952585746340421, 0.9483919222139118]
6179	4	20	0.00028	0.14	"(""10:08:52"", ""11:44:43"")"	t-in_voc	t-out	512	8	3	3	transformer	128	0.8227253941075752	[0.9470390269823463, 0.9521461888173821, 0.9505520458168507, 0.9470980693156994]
6180	5	20	0.00028	0.14	"(""10:08:56"", ""11:53:41"")"	t-in_voc	t-out	512	8	3	3	transformer	128	0.804529593784976	[0.95272894858121, 0.9540786095200474, 0.9550990848640464, 0.9535848311277898, 0.9508525906906313]
6181	6	20	0.00028	0.14	"(""10:08:55"", ""11:58:28"")"	t-in_voc	t-out	512	8	3	3	transformer	128	0.7674435866983373	[0.9515662114014252, 0.9544239904988123, 0.9531621140142518, 0.9544239904988123, 0.9537188242280285, 0.9515290973871734]
6183	8	20	0.00028	0.14	"(""10:08:58"", ""11:58:19"")"	t-in_voc	t-out	512	8	3	3	transformer	128	0.7192029863770786	[0.953022737189121, 0.9546710622000291, 0.954137780578853, 0.954137780578853, 0.9527803364522228, 0.9535560188102972, 0.9540408202840936, 0.952053134241528]
6184	9	20	0.00028	0.14	"(""10:09:00"", ""11:55:47"")"	t-in_voc	t-out	512	8	3	3	transformer	128	0.6924710748420994	[0.95316080710972, 0.9569616008048739, 0.955061203957297, 0.9544463696830808, 0.9543345816332234, 0.9518752445363591, 0.9535520652842211, 0.9521547146610028, 0.9500866357386395]
6185	10	20	0.00028	0.14	"(""10:08:59"", ""11:49:44"")"	t-in_voc	t-out	512	8	3	3	transformer	128	0.656541450777202	[0.9500647668393782, 0.9545984455958549, 0.952461139896373, 0.9519430051813471, 0.9491580310880829, 0.9505181347150259, 0.9511010362694301, 0.949740932642487, 0.9495466321243523, 0.9428108808290155]
6186	11	20	0.00028	0.14	"(""10:09:02"", ""11:44:27"")"	t-in_voc	t-out	512	8	3	3	transformer	128	0.6126691359891149	[0.9503363821906418, 0.9507899312117318, 0.9494292841484617, 0.9476150880641016, 0.9490513266308866, 0.9488245521203417, 0.9471615390430116, 0.9464812155113765, 0.9463300325043466, 0.9458764834832565, 0.9402827122231461]
6187	12	20	0.00028	0.14	"(""10:09:02"", ""11:35:45"")"	t-in_voc	t-out	512	8	3	3	transformer	128	0.5618588885915619	[0.9469271251449469, 0.9498706627419499, 0.9452323610739453, 0.9450539648559451, 0.9421996253679422, 0.9438943894389439, 0.9423780215859424, 0.9440727856569441, 0.9406832575149406, 0.942021229149942, 0.9417536348229417, 0.9363125501739363]
6188	12	20	0.000268	0.155	"(""10:51:51"", ""12:19:32"")"	t-in_voc	t-out	512	8	3	3	transformer	128	0.5454464365355455	[0.9440727856569441, 0.947997502452948, 0.9425564178039425, 0.9437159932209437, 0.9419320310409419, 0.9405940594059405, 0.942021229149942, 0.9415752386049415, 0.9388100972259388, 0.9400588707519401, 0.9379181161359379, 0.9337258050129337]
6189	11	20	0.000268	0.155	"(""11:15:28"", ""12:49:20"")"	t-in_voc	t-out	512	8	3	3	transformer	128	0.6064706327008844	[0.9498072416660367, 0.9477662710711316, 0.9474639050570716, 0.9458008919797415, 0.9466323985184065, 0.9470103560359816, 0.9477662710711316, 0.9454985259656814, 0.9456497089727115, 0.9445914279235014, 0.9405850782372062]
6190	10	20	0.000268	0.155	"(""11:34:03"", ""13:15:58"")"	t-in_voc	t-out	512	8	3	3	transformer	128	0.655958549222798	[0.9512953367875647, 0.9523316062176166, 0.9499352331606218, 0.9514248704663213, 0.949740932642487, 0.9501295336787565, 0.9511010362694301, 0.9512305699481866, 0.9511010362694301, 0.9450129533678756]
6191	9	20	0.000268	0.155	"(""11:35:48"", ""13:21:06"")"	t-in_voc	t-out	512	8	3	3	transformer	128	0.6811804818064949	[0.9507014700128557, 0.9534961712592924, 0.9524341847856465, 0.9528813369850763, 0.9507014700128557, 0.9495276954893522, 0.951260410262143, 0.9519870325862165, 0.9450561734950533]
6192	8	20	0.000268	0.155	"(""11:44:30"", ""13:34:32"")"	t-in_voc	t-out	512	8	3	3	transformer	128	0.7148882532602899	[0.9510835312939351, 0.9526348960100839, 0.9528772967469821, 0.953022737189121, 0.953022737189121, 0.9535560188102972, 0.9534105783681582, 0.9493867261356475]
6193	7	20	0.000268	0.155	"(""11:44:46"", ""13:35:34"")"	t-in_voc	t-out	512	8	3	3	transformer	128	0.7359678782755705	[0.9513102282333051, 0.9543533389687235, 0.9527895181741336, 0.9524936601859679, 0.9525359256128487, 0.9527472527472527, 0.9489856297548606]
6194	6	20	0.000268	0.155	"(""11:49:47"", ""13:38:55"")"	t-in_voc	t-out	512	8	3	3	transformer	128	0.7661445961995249	[0.9501187648456056, 0.9521971496437055, 0.9524569477434679, 0.9536445961995249, 0.9540528503562945, 0.9523456057007126]
6195	5	20	0.000268	0.155	"(""11:53:44"", ""13:38:32"")"	t-in_voc	t-out	512	8	3	3	transformer	128	0.8036078741194286	[0.9540456909605636, 0.9553295147804332, 0.9543090394364343, 0.9524985186648233, 0.9506879978932122]
6196	4	20	0.000268	0.155	"(""11:55:50"", ""13:33:09"")"	t-in_voc	t-out	512	8	3	3	transformer	128	0.8232862962744287	[0.9481903524827301, 0.9509062998169687, 0.9500206648166736, 0.9473932809824644]
6197	3	20	0.000268	0.155	"(""11:58:22"", ""13:22:34"")"	t-in_voc	t-out	512	8	3	3	transformer	128	0.8665455711080243	[0.9515973928838551, 0.9523186237845924, 0.9511699967945293]
6198	2	20	0.000268	0.155	"(""11:58:32"", ""13:05:32"")"	t-in_voc	t-out	512	8	3	3	transformer	128	0.8952406469212782	[0.9458787996882307, 0.9446365939204988]
6199	1	20	0.000268	0.155	"(""12:02:09"", ""12:44:55"")"	t-in_voc	t-out	512	8	3	3	transformer	128	0.9307406744789336	[0.9307406744789337]
6615	7	80	0.000268	0.155	"(""09:43:19"", ""14:12:10"")"	t-in_voc	t-out	512	8	3	3	transformer	128	0.8035502958579882	[0.96458157227388, 0.9666948436179206, 0.9651310228233305, 0.9653423499577346, 0.9655536770921387, 0.967032967032967, 0.965469146238377]
6616	9	80	0.000268	0.155	"(""09:43:21"", ""13:53:00"")"	t-in_voc	t-out	512	8	3	3	transformer	128	0.7751383377116986	[0.9660723268682578, 0.9697054384886256, 0.969202392264267, 0.9688111340897658, 0.9700966966631267, 0.967078419316975, 0.9671902073668325, 0.9670225252920462, 0.964339612095467]
6617	7	80	0.000272	0.15	"(""09:43:45"", ""14:13:06"")"	t-in_voc	t-out	512	8	3	3	transformer	128	0.8044378698224852	[0.9653846153846154, 0.967032967032967, 0.9664412510566357, 0.9654268808114962, 0.965469146238377, 0.966821639898563, 0.965469146238377]
6618	9	80	0.000272	0.15	"(""09:43:48"", ""13:54:28"")"	t-in_voc	t-out	512	8	3	3	transformer	128	0.7626739701525906	[0.9650103403946119, 0.9688111340897658, 0.9661841149181153, 0.9665753730926164, 0.9665194790676876, 0.9648985523447543, 0.9649544463696831, 0.9638365658711083, 0.961377228774244]
6619	7	80	0.000276	0.145	"(""09:44:16"", ""14:14:48"")"	t-in_voc	t-out	512	8	3	3	transformer	128	0.8032121724429416	[0.96458157227388, 0.9658072696534235, 0.96614539306847, 0.9657227387996619, 0.9662721893491124, 0.9665257819103973, 0.9653423499577346]
6620	9	80	0.000276	0.145	"(""09:44:17"", ""13:57:15"")"	t-in_voc	t-out	512	8	3	3	transformer	128	0.7705550276675424	[0.9666312671175451, 0.9690347101894807, 0.9682521938404784, 0.9675814655413336, 0.9660723268682578, 0.9665194790676876, 0.9669107372421888, 0.9672461013917613, 0.9638365658711083]
6621	7	80	0.00028	0.14	"(""09:44:34"", ""14:13:27"")"	t-in_voc	t-out	512	8	3	3	transformer	128	0.8013102282333051	[0.9635672020287405, 0.967032967032967, 0.9662299239222316, 0.9661876584953508, 0.9651732882502113, 0.9667371090448014, 0.964792899408284]
6622	9	80	0.00028	0.14	"(""09:44:37"", ""13:55:40"")"	t-in_voc	t-out	512	8	3	3	transformer	128	0.7758090660108434	[0.9672461013917613, 0.9693141803141244, 0.969202392264267, 0.9684757699401934, 0.9682521938404784, 0.9667989491923313, 0.9667430551674026, 0.967078419316975, 0.9657369627186854]
